,hhcode,Province,Region,PSU,itc,v1,psu,weight,district,stratum,code
46605,2012100101.0,Punjab,Urban,20121001.0,bread_other,165.0,20121001.0,2561.0233196159124,2012,ISLAMABAD,2012.0
46606,2012100101.0,Punjab,Urban,20121001.0,men_clothing,30000.0,20121001.0,2561.0233196159124,2012,ISLAMABAD,2012.0
46607,2012100101.0,Punjab,Urban,20121001.0,Unknown,20000.0,20121001.0,2561.0233196159124,2012,ISLAMABAD,2012.0
46608,2012100101.0,Punjab,Urban,20121001.0,women_clothing,2000.0,20121001.0,2561.0233196159124,2012,ISLAMABAD,2012.0
46609,2012100101.0,Punjab,Urban,20121001.0,servant_parttime,36000.0,20121001.0,2561.0233196159124,2012,ISLAMABAD,2012.0
46610,2012100101.0,Punjab,Urban,20121001.0,medical,1000.0,20121001.0,2561.0233196159124,2012,ISLAMABAD,2012.0
46611,2012100101.0,Punjab,Urban,20121001.0,medical,1500.0,20121001.0,2561.0233196159124,2012,ISLAMABAD,2012.0
46612,2012100101.0,Punjab,Urban,20121001.0,Unknown,70000.0,20121001.0,2561.0233196159124,2012,ISLAMABAD,2012.0
46613,2012100101.0,Punjab,Urban,20121001.0,Unknown,18000.0,20121001.0,2561.0233196159124,2012,ISLAMABAD,2012.0
46614,2012100101.0,Punjab,Urban,20121001.0,telecom,18000.0,20121001.0,2561.0233196159124,2012,ISLAMABAD,2012.0
46615,2012100101.0,Punjab,Urban,20121001.0,internet,24000.0,20121001.0,2561.0233196159124,2012,ISLAMABAD,2012.0
46616,2012100102.0,Punjab,Urban,20121001.0,bread_other,135.0,20121001.0,2561.0233196159124,2012,ISLAMABAD,2012.0
46617,2012100102.0,Punjab,Urban,20121001.0,men_clothing,3000.0,20121001.0,2561.0233196159124,2012,ISLAMABAD,2012.0
46618,2012100102.0,Punjab,Urban,20121001.0,Unknown,2000.0,20121001.0,2561.0233196159124,2012,ISLAMABAD,2012.0
46619,2012100102.0,Punjab,Urban,20121001.0,Unknown,2000.0,20121001.0,2561.0233196159124,2012,ISLAMABAD,2012.0
46620,2012100102.0,Punjab,Urban,20121001.0,medical,15000.0,20121001.0,2561.0233196159124,2012,ISLAMABAD,2012.0
46621,2012100102.0,Punjab,Urban,20121001.0,medical,6000.0,20121001.0,2561.0233196159124,2012,ISLAMABAD,2012.0
46622,2012100102.0,Punjab,Urban,20121001.0,fuel,12000.0,20121001.0,2561.0233196159124,2012,ISLAMABAD,2012.0
46623,2012100102.0,Punjab,Urban,20121001.0,Unknown,1000.0,20121001.0,2561.0233196159124,2012,ISLAMABAD,2012.0
46624,2012100102.0,Punjab,Urban,20121001.0,transport,10000.0,20121001.0,2561.0233196159124,2012,ISLAMABAD,2012.0
46625,2012100102.0,Punjab,Urban,20121001.0,transport,15000.0,20121001.0,2561.0233196159124,2012,ISLAMABAD,2012.0
46626,2012100102.0,Punjab,Urban,20121001.0,Unknown,36000.0,20121001.0,2561.0233196159124,2012,ISLAMABAD,2012.0
46627,2012100102.0,Punjab,Urban,20121001.0,telecom,9600.0,20121001.0,2561.0233196159124,2012,ISLAMABAD,2012.0
46628,2012100102.0,Punjab,Urban,20121001.0,internet,10200.0,20121001.0,2561.0233196159124,2012,ISLAMABAD,2012.0
46629,2012100102.0,Punjab,Urban,20121001.0,private_school,54000.0,20121001.0,2561.0233196159124,2012,ISLAMABAD,2012.0
46630,2012100104.0,Punjab,Urban,20121001.0,bread_other,200.0,20121001.0,2561.0233196159124,2012,ISLAMABAD,2012.0
46631,2012100104.0,Punjab,Urban,20121001.0,men_clothing,10000.0,20121001.0,2561.0233196159124,2012,ISLAMABAD,2012.0
46632,2012100104.0,Punjab,Urban,20121001.0,medical,1500.0,20121001.0,2561.0233196159124,2012,ISLAMABAD,2012.0
46633,2012100104.0,Punjab,Urban,20121001.0,medical,2000.0,20121001.0,2561.0233196159124,2012,ISLAMABAD,2012.0
46634,2012100104.0,Punjab,Urban,20121001.0,telecom,24000.0,20121001.0,2561.0233196159124,2012,ISLAMABAD,2012.0
46635,2012100104.0,Punjab,Urban,20121001.0,bread_basic,550.0,20121001.0,2561.0233196159124,2012,ISLAMABAD,2012.0
46636,2012100105.0,Punjab,Urban,20121001.0,women_clothing,10000.0,20121001.0,2561.0233196159124,2012,ISLAMABAD,2012.0
46637,2012100105.0,Punjab,Urban,20121001.0,medical,24000.0,20121001.0,2561.0233196159124,2012,ISLAMABAD,2012.0
46638,2012100105.0,Punjab,Urban,20121001.0,medical,6000.0,20121001.0,2561.0233196159124,2012,ISLAMABAD,2012.0
46639,2012100105.0,Punjab,Urban,20121001.0,fuel,48000.0,20121001.0,2561.0233196159124,2012,ISLAMABAD,2012.0
46640,2012100105.0,Punjab,Urban,20121001.0,telecom,6000.0,20121001.0,2561.0233196159124,2012,ISLAMABAD,2012.0
46641,2012100106.0,Punjab,Urban,20121001.0,bread_other,675.0,20121001.0,2561.0233196159124,2012,ISLAMABAD,2012.0
46642,2012100106.0,Punjab,Urban,20121001.0,men_clothing,10000.0,20121001.0,2561.0233196159124,2012,ISLAMABAD,2012.0
46643,2012100106.0,Punjab,Urban,20121001.0,Unknown,6000.0,20121001.0,2561.0233196159124,2012,ISLAMABAD,2012.0
46644,2012100106.0,Punjab,Urban,20121001.0,women_clothing,3000.0,20121001.0,2561.0233196159124,2012,ISLAMABAD,2012.0
46645,2012100106.0,Punjab,Urban,20121001.0,Unknown,3000.0,20121001.0,2561.0233196159124,2012,ISLAMABAD,2012.0
46646,2012100106.0,Punjab,Urban,20121001.0,medical,15000.0,20121001.0,2561.0233196159124,2012,ISLAMABAD,2012.0
46647,2012100106.0,Punjab,Urban,20121001.0,medical,7000.0,20121001.0,2561.0233196159124,2012,ISLAMABAD,2012.0
46648,2012100106.0,Punjab,Urban,20121001.0,transport,15000.0,20121001.0,2561.0233196159124,2012,ISLAMABAD,2012.0
46649,2012100106.0,Punjab,Urban,20121001.0,Unknown,22000.0,20121001.0,2561.0233196159124,2012,ISLAMABAD,2012.0
46650,2012100106.0,Punjab,Urban,20121001.0,telecom,15000.0,20121001.0,2561.0233196159124,2012,ISLAMABAD,2012.0
46651,2012100106.0,Punjab,Urban,20121001.0,internet,36000.0,20121001.0,2561.0233196159124,2012,ISLAMABAD,2012.0
46652,2012100106.0,Punjab,Urban,20121001.0,bread_basic,200.0,20121001.0,2561.0233196159124,2012,ISLAMABAD,2012.0
46653,2012100106.0,Punjab,Urban,20121001.0,bread_basic,150.0,20121001.0,2561.0233196159124,2012,ISLAMABAD,2012.0
46654,2012100107.0,Punjab,Urban,20121001.0,bread_other,675.0,20121001.0,2561.0233196159124,2012,ISLAMABAD,2012.0
46655,2012100107.0,Punjab,Urban,20121001.0,men_clothing,15000.0,20121001.0,2561.0233196159124,2012,ISLAMABAD,2012.0
46656,2012100107.0,Punjab,Urban,20121001.0,Unknown,25000.0,20121001.0,2561.0233196159124,2012,ISLAMABAD,2012.0
46657,2012100107.0,Punjab,Urban,20121001.0,women_clothing,5000.0,20121001.0,2561.0233196159124,2012,ISLAMABAD,2012.0
46658,2012100107.0,Punjab,Urban,20121001.0,Unknown,5000.0,20121001.0,2561.0233196159124,2012,ISLAMABAD,2012.0
46659,2012100107.0,Punjab,Urban,20121001.0,medical,18000.0,20121001.0,2561.0233196159124,2012,ISLAMABAD,2012.0
46660,2012100107.0,Punjab,Urban,20121001.0,medical,3000.0,20121001.0,2561.0233196159124,2012,ISLAMABAD,2012.0
46661,2012100107.0,Punjab,Urban,20121001.0,fuel,10000.0,20121001.0,2561.0233196159124,2012,ISLAMABAD,2012.0
46662,2012100107.0,Punjab,Urban,20121001.0,Unknown,500.0,20121001.0,2561.0233196159124,2012,ISLAMABAD,2012.0
46663,2012100107.0,Punjab,Urban,20121001.0,internet,12000.0,20121001.0,2561.0233196159124,2012,ISLAMABAD,2012.0
46664,2012100107.0,Punjab,Urban,20121001.0,bread_basic,100.0,20121001.0,2561.0233196159124,2012,ISLAMABAD,2012.0
46665,2012100107.0,Punjab,Urban,20121001.0,bread_basic,300.0,20121001.0,2561.0233196159124,2012,ISLAMABAD,2012.0
46666,2012100109.0,Punjab,Urban,20121001.0,bread_other,120.0,20121001.0,2561.0233196159124,2012,ISLAMABAD,2012.0
46667,2012100109.0,Punjab,Urban,20121001.0,men_clothing,16000.0,20121001.0,2561.0233196159124,2012,ISLAMABAD,2012.0
46668,2012100109.0,Punjab,Urban,20121001.0,rent,36000.0,20121001.0,2561.0233196159124,2012,ISLAMABAD,2012.0
46669,2012100109.0,Punjab,Urban,20121001.0,servant_parttime,70000.0,20121001.0,2561.0233196159124,2012,ISLAMABAD,2012.0
46670,2012100109.0,Punjab,Urban,20121001.0,medical,1200.0,20121001.0,2561.0233196159124,2012,ISLAMABAD,2012.0
46671,2012100109.0,Punjab,Urban,20121001.0,fuel,14400.0,20121001.0,2561.0233196159124,2012,ISLAMABAD,2012.0
46672,2012100109.0,Punjab,Urban,20121001.0,fuel,60000.0,20121001.0,2561.0233196159124,2012,ISLAMABAD,2012.0
46673,2012100109.0,Punjab,Urban,20121001.0,transport,3000.0,20121001.0,2561.0233196159124,2012,ISLAMABAD,2012.0
46674,2012100109.0,Punjab,Urban,20121001.0,transport,28800.0,20121001.0,2561.0233196159124,2012,ISLAMABAD,2012.0
46675,2012100109.0,Punjab,Urban,20121001.0,telecom,24000.0,20121001.0,2561.0233196159124,2012,ISLAMABAD,2012.0
46676,2012100109.0,Punjab,Urban,20121001.0,bread_basic,200.0,20121001.0,2561.0233196159124,2012,ISLAMABAD,2012.0
46677,2012100109.0,Punjab,Urban,20121001.0,bread_basic,750.0,20121001.0,2561.0233196159124,2012,ISLAMABAD,2012.0
46678,2012100110.0,Punjab,Urban,20121001.0,bread_other,450.0,20121001.0,2561.0233196159124,2012,ISLAMABAD,2012.0
46679,2012100110.0,Punjab,Urban,20121001.0,men_clothing,5000.0,20121001.0,2561.0233196159124,2012,ISLAMABAD,2012.0
46680,2012100110.0,Punjab,Urban,20121001.0,women_clothing,2000.0,20121001.0,2561.0233196159124,2012,ISLAMABAD,2012.0
46681,2012100110.0,Punjab,Urban,20121001.0,medical,15000.0,20121001.0,2561.0233196159124,2012,ISLAMABAD,2012.0
46682,2012100110.0,Punjab,Urban,20121001.0,medical,3000.0,20121001.0,2561.0233196159124,2012,ISLAMABAD,2012.0
46683,2012100110.0,Punjab,Urban,20121001.0,transport,30000.0,20121001.0,2561.0233196159124,2012,ISLAMABAD,2012.0
46684,2012100110.0,Punjab,Urban,20121001.0,transport,18000.0,20121001.0,2561.0233196159124,2012,ISLAMABAD,2012.0
46685,2012100110.0,Punjab,Urban,20121001.0,internet,36000.0,20121001.0,2561.0233196159124,2012,ISLAMABAD,2012.0
46686,2012100110.0,Punjab,Urban,20121001.0,bread_basic,300.0,20121001.0,2561.0233196159124,2012,ISLAMABAD,2012.0
46687,2012100110.0,Punjab,Urban,20121001.0,bread_basic,80.0,20121001.0,2561.0233196159124,2012,ISLAMABAD,2012.0
46688,2012100111.0,Punjab,Urban,20121001.0,bread_other,1350.0,20121001.0,2561.0233196159124,2012,ISLAMABAD,2012.0
46689,2012100111.0,Punjab,Urban,20121001.0,men_clothing,15000.0,20121001.0,2561.0233196159124,2012,ISLAMABAD,2012.0
46690,2012100111.0,Punjab,Urban,20121001.0,Unknown,500.0,20121001.0,2561.0233196159124,2012,ISLAMABAD,2012.0
46691,2012100111.0,Punjab,Urban,20121001.0,medical,3000.0,20121001.0,2561.0233196159124,2012,ISLAMABAD,2012.0
46692,2012100111.0,Punjab,Urban,20121001.0,medical,1400.0,20121001.0,2561.0233196159124,2012,ISLAMABAD,2012.0
46693,2012100111.0,Punjab,Urban,20121001.0,fuel,12000.0,20121001.0,2561.0233196159124,2012,ISLAMABAD,2012.0
46694,2012100111.0,Punjab,Urban,20121001.0,transport,20000.0,20121001.0,2561.0233196159124,2012,ISLAMABAD,2012.0
46695,2012100111.0,Punjab,Urban,20121001.0,transport,15000.0,20121001.0,2561.0233196159124,2012,ISLAMABAD,2012.0
46696,2012100111.0,Punjab,Urban,20121001.0,Unknown,36000.0,20121001.0,2561.0233196159124,2012,ISLAMABAD,2012.0
46697,2012100111.0,Punjab,Urban,20121001.0,Unknown,20000.0,20121001.0,2561.0233196159124,2012,ISLAMABAD,2012.0
46698,2012100111.0,Punjab,Urban,20121001.0,internet,36000.0,20121001.0,2561.0233196159124,2012,ISLAMABAD,2012.0
46699,2012100111.0,Punjab,Urban,20121001.0,bread_basic,100.0,20121001.0,2561.0233196159124,2012,ISLAMABAD,2012.0
46700,2012100111.0,Punjab,Urban,20121001.0,bread_basic,300.0,20121001.0,2561.0233196159124,2012,ISLAMABAD,2012.0
46701,2012100112.0,Punjab,Urban,20121001.0,transport,6000.0,20121001.0,2561.0233196159124,2012,ISLAMABAD,2012.0
46702,2012100112.0,Punjab,Urban,20121001.0,transport,18000.0,20121001.0,2561.0233196159124,2012,ISLAMABAD,2012.0
46703,2012100112.0,Punjab,Urban,20121001.0,Unknown,14000.0,20121001.0,2561.0233196159124,2012,ISLAMABAD,2012.0
46704,2012100112.0,Punjab,Urban,20121001.0,telecom,7200.0,20121001.0,2561.0233196159124,2012,ISLAMABAD,2012.0
46705,2012100112.0,Punjab,Urban,20121001.0,bread_basic,200.0,20121001.0,2561.0233196159124,2012,ISLAMABAD,2012.0
46706,2012100112.0,Punjab,Urban,20121001.0,bread_basic,180.0,20121001.0,2561.0233196159124,2012,ISLAMABAD,2012.0
46707,2012100501.0,Punjab,Urban,20121005.0,women_clothing,1000.0,20121005.0,1633.317362817363,2012,ISLAMABAD,2012.0
46708,2012100501.0,Punjab,Urban,20121005.0,fuel,960.0,20121005.0,1633.317362817363,2012,ISLAMABAD,2012.0
46709,2012100501.0,Punjab,Urban,20121005.0,medical,1500.0,20121005.0,1633.317362817363,2012,ISLAMABAD,2012.0
46710,2012100501.0,Punjab,Urban,20121005.0,medical,1200.0,20121005.0,1633.317362817363,2012,ISLAMABAD,2012.0
46711,2012100501.0,Punjab,Urban,20121005.0,transport,10800.0,20121005.0,1633.317362817363,2012,ISLAMABAD,2012.0
46712,2012100501.0,Punjab,Urban,20121005.0,telecom,4800.0,20121005.0,1633.317362817363,2012,ISLAMABAD,2012.0
46713,2012100502.0,Punjab,Urban,20121005.0,men_clothing,3000.0,20121005.0,1633.317362817363,2012,ISLAMABAD,2012.0
46714,2012100502.0,Punjab,Urban,20121005.0,women_clothing,9000.0,20121005.0,1633.317362817363,2012,ISLAMABAD,2012.0
46715,2012100502.0,Punjab,Urban,20121005.0,medical,8000.0,20121005.0,1633.317362817363,2012,ISLAMABAD,2012.0
46716,2012100502.0,Punjab,Urban,20121005.0,medical,2500.0,20121005.0,1633.317362817363,2012,ISLAMABAD,2012.0
46717,2012100502.0,Punjab,Urban,20121005.0,fuel,45000.0,20121005.0,1633.317362817363,2012,ISLAMABAD,2012.0
46718,2012100502.0,Punjab,Urban,20121005.0,transport,2000.0,20121005.0,1633.317362817363,2012,ISLAMABAD,2012.0
46719,2012100502.0,Punjab,Urban,20121005.0,telecom,6500.0,20121005.0,1633.317362817363,2012,ISLAMABAD,2012.0
46720,2012100503.0,Punjab,Urban,20121005.0,women_clothing,900.0,20121005.0,1633.317362817363,2012,ISLAMABAD,2012.0
46721,2012100503.0,Punjab,Urban,20121005.0,rent,24000.0,20121005.0,1633.317362817363,2012,ISLAMABAD,2012.0
46722,2012100503.0,Punjab,Urban,20121005.0,medical,1000.0,20121005.0,1633.317362817363,2012,ISLAMABAD,2012.0
46723,2012100503.0,Punjab,Urban,20121005.0,medical,300.0,20121005.0,1633.317362817363,2012,ISLAMABAD,2012.0
46724,2012100503.0,Punjab,Urban,20121005.0,transport,3000.0,20121005.0,1633.317362817363,2012,ISLAMABAD,2012.0
46725,2012100503.0,Punjab,Urban,20121005.0,telecom,6000.0,20121005.0,1633.317362817363,2012,ISLAMABAD,2012.0
46726,2012100504.0,Punjab,Urban,20121005.0,women_clothing,1000.0,20121005.0,1633.317362817363,2012,ISLAMABAD,2012.0
46727,2012100504.0,Punjab,Urban,20121005.0,rent,66000.0,20121005.0,1633.317362817363,2012,ISLAMABAD,2012.0
46728,2012100504.0,Punjab,Urban,20121005.0,medical,7000.0,20121005.0,1633.317362817363,2012,ISLAMABAD,2012.0
46729,2012100504.0,Punjab,Urban,20121005.0,medical,3000.0,20121005.0,1633.317362817363,2012,ISLAMABAD,2012.0
46730,2012100504.0,Punjab,Urban,20121005.0,fuel,40000.0,20121005.0,1633.317362817363,2012,ISLAMABAD,2012.0
46731,2012100504.0,Punjab,Urban,20121005.0,transport,5000.0,20121005.0,1633.317362817363,2012,ISLAMABAD,2012.0
46732,2012100504.0,Punjab,Urban,20121005.0,telecom,3000.0,20121005.0,1633.317362817363,2012,ISLAMABAD,2012.0
46733,2012100505.0,Punjab,Urban,20121005.0,women_clothing,1000.0,20121005.0,1633.317362817363,2012,ISLAMABAD,2012.0
46734,2012100505.0,Punjab,Urban,20121005.0,medical,8000.0,20121005.0,1633.317362817363,2012,ISLAMABAD,2012.0
46735,2012100505.0,Punjab,Urban,20121005.0,medical,4000.0,20121005.0,1633.317362817363,2012,ISLAMABAD,2012.0
46736,2012100505.0,Punjab,Urban,20121005.0,fuel,18000.0,20121005.0,1633.317362817363,2012,ISLAMABAD,2012.0
46737,2012100506.0,Punjab,Urban,20121005.0,women_clothing,800.0,20121005.0,1633.317362817363,2012,ISLAMABAD,2012.0
46738,2012100506.0,Punjab,Urban,20121005.0,rent,12000.0,20121005.0,1633.317362817363,2012,ISLAMABAD,2012.0
46739,2012100506.0,Punjab,Urban,20121005.0,medical,4000.0,20121005.0,1633.317362817363,2012,ISLAMABAD,2012.0
46740,2012100506.0,Punjab,Urban,20121005.0,medical,1000.0,20121005.0,1633.317362817363,2012,ISLAMABAD,2012.0
46741,2012100506.0,Punjab,Urban,20121005.0,transport,2000.0,20121005.0,1633.317362817363,2012,ISLAMABAD,2012.0
46742,2012100506.0,Punjab,Urban,20121005.0,transport,3000.0,20121005.0,1633.317362817363,2012,ISLAMABAD,2012.0
46743,2012100506.0,Punjab,Urban,20121005.0,telecom,6000.0,20121005.0,1633.317362817363,2012,ISLAMABAD,2012.0
46744,2012100508.0,Punjab,Urban,20121005.0,women_clothing,2000.0,20121005.0,1633.317362817363,2012,ISLAMABAD,2012.0
46745,2012100508.0,Punjab,Urban,20121005.0,rent,18000.0,20121005.0,1633.317362817363,2012,ISLAMABAD,2012.0
46746,2012100508.0,Punjab,Urban,20121005.0,medical,1200.0,20121005.0,1633.317362817363,2012,ISLAMABAD,2012.0
46747,2012100508.0,Punjab,Urban,20121005.0,medical,400.0,20121005.0,1633.317362817363,2012,ISLAMABAD,2012.0
46748,2012100508.0,Punjab,Urban,20121005.0,transport,8000.0,20121005.0,1633.317362817363,2012,ISLAMABAD,2012.0
46749,2012100508.0,Punjab,Urban,20121005.0,transport,10000.0,20121005.0,1633.317362817363,2012,ISLAMABAD,2012.0
46750,2012100508.0,Punjab,Urban,20121005.0,telecom,14000.0,20121005.0,1633.317362817363,2012,ISLAMABAD,2012.0
46751,2012100509.0,Punjab,Urban,20121005.0,men_clothing,1800.0,20121005.0,1633.317362817363,2012,ISLAMABAD,2012.0
46752,2012100509.0,Punjab,Urban,20121005.0,women_clothing,5000.0,20121005.0,1633.317362817363,2012,ISLAMABAD,2012.0
46753,2012100509.0,Punjab,Urban,20121005.0,fuel,1700.0,20121005.0,1633.317362817363,2012,ISLAMABAD,2012.0
46754,2012100509.0,Punjab,Urban,20121005.0,medical,4000.0,20121005.0,1633.317362817363,2012,ISLAMABAD,2012.0
46755,2012100509.0,Punjab,Urban,20121005.0,medical,2000.0,20121005.0,1633.317362817363,2012,ISLAMABAD,2012.0
46756,2012100509.0,Punjab,Urban,20121005.0,fuel,48000.0,20121005.0,1633.317362817363,2012,ISLAMABAD,2012.0
46757,2012100509.0,Punjab,Urban,20121005.0,telecom,6000.0,20121005.0,1633.317362817363,2012,ISLAMABAD,2012.0
46758,2012100510.0,Punjab,Urban,20121005.0,men_clothing,3000.0,20121005.0,1633.317362817363,2012,ISLAMABAD,2012.0
46759,2012100510.0,Punjab,Urban,20121005.0,women_clothing,2200.0,20121005.0,1633.317362817363,2012,ISLAMABAD,2012.0
46760,2012100510.0,Punjab,Urban,20121005.0,fuel,1200.0,20121005.0,1633.317362817363,2012,ISLAMABAD,2012.0
46761,2012100510.0,Punjab,Urban,20121005.0,medical,19200.0,20121005.0,1633.317362817363,2012,ISLAMABAD,2012.0
46762,2012100510.0,Punjab,Urban,20121005.0,medical,400.0,20121005.0,1633.317362817363,2012,ISLAMABAD,2012.0
46763,2012100510.0,Punjab,Urban,20121005.0,fuel,36000.0,20121005.0,1633.317362817363,2012,ISLAMABAD,2012.0
46764,2012100510.0,Punjab,Urban,20121005.0,transport,4000.0,20121005.0,1633.317362817363,2012,ISLAMABAD,2012.0
46765,2012100510.0,Punjab,Urban,20121005.0,telecom,12000.0,20121005.0,1633.317362817363,2012,ISLAMABAD,2012.0
46766,2012100510.0,Punjab,Urban,20121005.0,private_school,15000.0,20121005.0,1633.317362817363,2012,ISLAMABAD,2012.0
46767,2012100511.0,Punjab,Urban,20121005.0,bread_other,120.0,20121005.0,1633.317362817363,2012,ISLAMABAD,2012.0
46768,2012100511.0,Punjab,Urban,20121005.0,men_clothing,3000.0,20121005.0,1633.317362817363,2012,ISLAMABAD,2012.0
46769,2012100511.0,Punjab,Urban,20121005.0,women_clothing,4000.0,20121005.0,1633.317362817363,2012,ISLAMABAD,2012.0
46770,2012100511.0,Punjab,Urban,20121005.0,fuel,3600.0,20121005.0,1633.317362817363,2012,ISLAMABAD,2012.0
46771,2012100511.0,Punjab,Urban,20121005.0,medical,6500.0,20121005.0,1633.317362817363,2012,ISLAMABAD,2012.0
46772,2012100511.0,Punjab,Urban,20121005.0,medical,2000.0,20121005.0,1633.317362817363,2012,ISLAMABAD,2012.0
46773,2012100511.0,Punjab,Urban,20121005.0,fuel,72000.0,20121005.0,1633.317362817363,2012,ISLAMABAD,2012.0
46774,2012100511.0,Punjab,Urban,20121005.0,transport,2000.0,20121005.0,1633.317362817363,2012,ISLAMABAD,2012.0
46775,2012100511.0,Punjab,Urban,20121005.0,telecom,10000.0,20121005.0,1633.317362817363,2012,ISLAMABAD,2012.0
46776,2012100512.0,Punjab,Urban,20121005.0,men_clothing,500.0,20121005.0,1633.317362817363,2012,ISLAMABAD,2012.0
46777,2012100512.0,Punjab,Urban,20121005.0,women_clothing,800.0,20121005.0,1633.317362817363,2012,ISLAMABAD,2012.0
46778,2012100512.0,Punjab,Urban,20121005.0,rent,72000.0,20121005.0,1633.317362817363,2012,ISLAMABAD,2012.0
46779,2012100512.0,Punjab,Urban,20121005.0,fuel,1700.0,20121005.0,1633.317362817363,2012,ISLAMABAD,2012.0
46780,2012100512.0,Punjab,Urban,20121005.0,medical,7000.0,20121005.0,1633.317362817363,2012,ISLAMABAD,2012.0
46781,2012100512.0,Punjab,Urban,20121005.0,medical,2200.0,20121005.0,1633.317362817363,2012,ISLAMABAD,2012.0
46782,2012100512.0,Punjab,Urban,20121005.0,fuel,17000.0,20121005.0,1633.317362817363,2012,ISLAMABAD,2012.0
46783,2012100512.0,Punjab,Urban,20121005.0,transport,5000.0,20121005.0,1633.317362817363,2012,ISLAMABAD,2012.0
46784,2012100512.0,Punjab,Urban,20121005.0,telecom,3000.0,20121005.0,1633.317362817363,2012,ISLAMABAD,2012.0
46785,2012100901.0,Punjab,Urban,20121009.0,bread_other,280.0,20121009.0,3232.8761904761905,2012,ISLAMABAD,2012.0
46786,2012100901.0,Punjab,Urban,20121009.0,men_clothing,4000.0,20121009.0,3232.8761904761905,2012,ISLAMABAD,2012.0
46787,2012100901.0,Punjab,Urban,20121009.0,women_clothing,8000.0,20121009.0,3232.8761904761905,2012,ISLAMABAD,2012.0
46788,2012100901.0,Punjab,Urban,20121009.0,medical,5000.0,20121009.0,3232.8761904761905,2012,ISLAMABAD,2012.0
46789,2012100901.0,Punjab,Urban,20121009.0,Unknown,2000.0,20121009.0,3232.8761904761905,2012,ISLAMABAD,2012.0
46790,2012100901.0,Punjab,Urban,20121009.0,fuel,30000.0,20121009.0,3232.8761904761905,2012,ISLAMABAD,2012.0
46791,2012100901.0,Punjab,Urban,20121009.0,transport,12000.0,20121009.0,3232.8761904761905,2012,ISLAMABAD,2012.0
46792,2012100901.0,Punjab,Urban,20121009.0,transport,16000.0,20121009.0,3232.8761904761905,2012,ISLAMABAD,2012.0
46793,2012100901.0,Punjab,Urban,20121009.0,telecom,19200.0,20121009.0,3232.8761904761905,2012,ISLAMABAD,2012.0
46794,2012100901.0,Punjab,Urban,20121009.0,internet,22800.0,20121009.0,3232.8761904761905,2012,ISLAMABAD,2012.0
46795,2012100902.0,Punjab,Urban,20121009.0,bread_other,140.0,20121009.0,3232.8761904761905,2012,ISLAMABAD,2012.0
46796,2012100902.0,Punjab,Urban,20121009.0,men_clothing,15000.0,20121009.0,3232.8761904761905,2012,ISLAMABAD,2012.0
46797,2012100902.0,Punjab,Urban,20121009.0,women_clothing,8000.0,20121009.0,3232.8761904761905,2012,ISLAMABAD,2012.0
46798,2012100902.0,Punjab,Urban,20121009.0,servant_parttime,18000.0,20121009.0,3232.8761904761905,2012,ISLAMABAD,2012.0
46799,2012100902.0,Punjab,Urban,20121009.0,medical,36000.0,20121009.0,3232.8761904761905,2012,ISLAMABAD,2012.0
46800,2012100902.0,Punjab,Urban,20121009.0,medical,4000.0,20121009.0,3232.8761904761905,2012,ISLAMABAD,2012.0
46801,2012100902.0,Punjab,Urban,20121009.0,fuel,12000.0,20121009.0,3232.8761904761905,2012,ISLAMABAD,2012.0
46802,2012100902.0,Punjab,Urban,20121009.0,telecom,800.0,20121009.0,3232.8761904761905,2012,ISLAMABAD,2012.0
46803,2012100905.0,Punjab,Urban,20121009.0,bread_other,675.0,20121009.0,3232.8761904761905,2012,ISLAMABAD,2012.0
46804,2012100905.0,Punjab,Urban,20121009.0,men_clothing,5000.0,20121009.0,3232.8761904761905,2012,ISLAMABAD,2012.0
46805,2012100905.0,Punjab,Urban,20121009.0,Unknown,4000.0,20121009.0,3232.8761904761905,2012,ISLAMABAD,2012.0
46806,2012100905.0,Punjab,Urban,20121009.0,Unknown,3000.0,20121009.0,3232.8761904761905,2012,ISLAMABAD,2012.0
46807,2012100905.0,Punjab,Urban,20121009.0,Unknown,1000.0,20121009.0,3232.8761904761905,2012,ISLAMABAD,2012.0
46808,2012100905.0,Punjab,Urban,20121009.0,servant_parttime,24000.0,20121009.0,3232.8761904761905,2012,ISLAMABAD,2012.0
46809,2012100905.0,Punjab,Urban,20121009.0,medical,3000.0,20121009.0,3232.8761904761905,2012,ISLAMABAD,2012.0
46810,2012100905.0,Punjab,Urban,20121009.0,fuel,6000.0,20121009.0,3232.8761904761905,2012,ISLAMABAD,2012.0
46811,2012100905.0,Punjab,Urban,20121009.0,Unknown,2000.0,20121009.0,3232.8761904761905,2012,ISLAMABAD,2012.0
46812,2012100905.0,Punjab,Urban,20121009.0,telecom,30000.0,20121009.0,3232.8761904761905,2012,ISLAMABAD,2012.0
46813,2012100905.0,Punjab,Urban,20121009.0,internet,18000.0,20121009.0,3232.8761904761905,2012,ISLAMABAD,2012.0
46814,2012100905.0,Punjab,Urban,20121009.0,private_school,23500.0,20121009.0,3232.8761904761905,2012,ISLAMABAD,2012.0
46815,2012100906.0,Punjab,Urban,20121009.0,bread_other,100.0,20121009.0,3232.8761904761905,2012,ISLAMABAD,2012.0
46816,2012100906.0,Punjab,Urban,20121009.0,men_clothing,6000.0,20121009.0,3232.8761904761905,2012,ISLAMABAD,2012.0
46817,2012100906.0,Punjab,Urban,20121009.0,women_clothing,2000.0,20121009.0,3232.8761904761905,2012,ISLAMABAD,2012.0
46818,2012100906.0,Punjab,Urban,20121009.0,house_tax,4800.0,20121009.0,3232.8761904761905,2012,ISLAMABAD,2012.0
46819,2012100906.0,Punjab,Urban,20121009.0,medical,10000.0,20121009.0,3232.8761904761905,2012,ISLAMABAD,2012.0
46820,2012100906.0,Punjab,Urban,20121009.0,medical,2000.0,20121009.0,3232.8761904761905,2012,ISLAMABAD,2012.0
46821,2012100906.0,Punjab,Urban,20121009.0,Unknown,300.0,20121009.0,3232.8761904761905,2012,ISLAMABAD,2012.0
46822,2012100906.0,Punjab,Urban,20121009.0,fuel,24000.0,20121009.0,3232.8761904761905,2012,ISLAMABAD,2012.0
46823,2012100906.0,Punjab,Urban,20121009.0,transport,2500.0,20121009.0,3232.8761904761905,2012,ISLAMABAD,2012.0
46824,2012100906.0,Punjab,Urban,20121009.0,transport,14000.0,20121009.0,3232.8761904761905,2012,ISLAMABAD,2012.0
46825,2012100906.0,Punjab,Urban,20121009.0,telecom,30000.0,20121009.0,3232.8761904761905,2012,ISLAMABAD,2012.0
46826,2012100906.0,Punjab,Urban,20121009.0,internet,7200.0,20121009.0,3232.8761904761905,2012,ISLAMABAD,2012.0
46827,2012100910.0,Punjab,Urban,20121009.0,bread_other,200.0,20121009.0,3232.8761904761905,2012,ISLAMABAD,2012.0
46828,2012100910.0,Punjab,Urban,20121009.0,men_clothing,10000.0,20121009.0,3232.8761904761905,2012,ISLAMABAD,2012.0
46829,2012100910.0,Punjab,Urban,20121009.0,women_clothing,5000.0,20121009.0,3232.8761904761905,2012,ISLAMABAD,2012.0
46830,2012100910.0,Punjab,Urban,20121009.0,medical,1500.0,20121009.0,3232.8761904761905,2012,ISLAMABAD,2012.0
46831,2012100910.0,Punjab,Urban,20121009.0,fuel,60000.0,20121009.0,3232.8761904761905,2012,ISLAMABAD,2012.0
46832,2012100910.0,Punjab,Urban,20121009.0,transport,1000.0,20121009.0,3232.8761904761905,2012,ISLAMABAD,2012.0
46833,2012100910.0,Punjab,Urban,20121009.0,transport,3000.0,20121009.0,3232.8761904761905,2012,ISLAMABAD,2012.0
46834,2012100910.0,Punjab,Urban,20121009.0,telecom,24000.0,20121009.0,3232.8761904761905,2012,ISLAMABAD,2012.0
46835,2012100910.0,Punjab,Urban,20121009.0,internet,6000.0,20121009.0,3232.8761904761905,2012,ISLAMABAD,2012.0
46836,2012100911.0,Punjab,Urban,20121009.0,bread_other,50.0,20121009.0,3232.8761904761905,2012,ISLAMABAD,2012.0
46837,2012100911.0,Punjab,Urban,20121009.0,men_clothing,15000.0,20121009.0,3232.8761904761905,2012,ISLAMABAD,2012.0
46838,2012100911.0,Punjab,Urban,20121009.0,women_clothing,5000.0,20121009.0,3232.8761904761905,2012,ISLAMABAD,2012.0
46839,2012100911.0,Punjab,Urban,20121009.0,medical,48000.0,20121009.0,3232.8761904761905,2012,ISLAMABAD,2012.0
46840,2012100911.0,Punjab,Urban,20121009.0,medical,10000.0,20121009.0,3232.8761904761905,2012,ISLAMABAD,2012.0
46841,2012100911.0,Punjab,Urban,20121009.0,fuel,12000.0,20121009.0,3232.8761904761905,2012,ISLAMABAD,2012.0
46842,2012100911.0,Punjab,Urban,20121009.0,transport,20000.0,20121009.0,3232.8761904761905,2012,ISLAMABAD,2012.0
46843,2012100911.0,Punjab,Urban,20121009.0,transport,65000.0,20121009.0,3232.8761904761905,2012,ISLAMABAD,2012.0
46844,2012100911.0,Punjab,Urban,20121009.0,Unknown,34000.0,20121009.0,3232.8761904761905,2012,ISLAMABAD,2012.0
46845,2012100911.0,Punjab,Urban,20121009.0,Unknown,16000.0,20121009.0,3232.8761904761905,2012,ISLAMABAD,2012.0
46846,2012100911.0,Punjab,Urban,20121009.0,telecom,18000.0,20121009.0,3232.8761904761905,2012,ISLAMABAD,2012.0
46847,2012100911.0,Punjab,Urban,20121009.0,internet,36000.0,20121009.0,3232.8761904761905,2012,ISLAMABAD,2012.0
46848,2012100912.0,Punjab,Urban,20121009.0,bread_other,1350.0,20121009.0,3232.8761904761905,2012,ISLAMABAD,2012.0
46849,2012100912.0,Punjab,Urban,20121009.0,Unknown,4000.0,20121009.0,3232.8761904761905,2012,ISLAMABAD,2012.0
46850,2012100912.0,Punjab,Urban,20121009.0,Unknown,3000.0,20121009.0,3232.8761904761905,2012,ISLAMABAD,2012.0
46851,2012100912.0,Punjab,Urban,20121009.0,Unknown,1000.0,20121009.0,3232.8761904761905,2012,ISLAMABAD,2012.0
46852,2012100912.0,Punjab,Urban,20121009.0,medical,48000.0,20121009.0,3232.8761904761905,2012,ISLAMABAD,2012.0
46853,2012100912.0,Punjab,Urban,20121009.0,fuel,30000.0,20121009.0,3232.8761904761905,2012,ISLAMABAD,2012.0
46854,2012100912.0,Punjab,Urban,20121009.0,transport,4000.0,20121009.0,3232.8761904761905,2012,ISLAMABAD,2012.0
46855,2012100912.0,Punjab,Urban,20121009.0,Unknown,36000.0,20121009.0,3232.8761904761905,2012,ISLAMABAD,2012.0
46856,2012200201.0,Punjab,Urban,20122002.0,women_clothing,2000.0,20122002.0,1896.3589096862693,2012,ISLAMABAD,2012.0
46857,2012200201.0,Punjab,Urban,20122002.0,medical,1000.0,20122002.0,1896.3589096862693,2012,ISLAMABAD,2012.0
46858,2012200201.0,Punjab,Urban,20122002.0,medical,550.0,20122002.0,1896.3589096862693,2012,ISLAMABAD,2012.0
46859,2012200201.0,Punjab,Urban,20122002.0,transport,9000.0,20122002.0,1896.3589096862693,2012,ISLAMABAD,2012.0
46860,2012200201.0,Punjab,Urban,20122002.0,transport,3000.0,20122002.0,1896.3589096862693,2012,ISLAMABAD,2012.0
46861,2012200201.0,Punjab,Urban,20122002.0,telecom,4800.0,20122002.0,1896.3589096862693,2012,ISLAMABAD,2012.0
46862,2012200202.0,Punjab,Urban,20122002.0,men_clothing,6000.0,20122002.0,1896.3589096862693,2012,ISLAMABAD,2012.0
46863,2012200202.0,Punjab,Urban,20122002.0,Unknown,2000.0,20122002.0,1896.3589096862693,2012,ISLAMABAD,2012.0
46864,2012200202.0,Punjab,Urban,20122002.0,women_clothing,3000.0,20122002.0,1896.3589096862693,2012,ISLAMABAD,2012.0
46865,2012200202.0,Punjab,Urban,20122002.0,Unknown,1500.0,20122002.0,1896.3589096862693,2012,ISLAMABAD,2012.0
46866,2012200202.0,Punjab,Urban,20122002.0,medical,1000.0,20122002.0,1896.3589096862693,2012,ISLAMABAD,2012.0
46867,2012200202.0,Punjab,Urban,20122002.0,medical,1200.0,20122002.0,1896.3589096862693,2012,ISLAMABAD,2012.0
46868,2012200202.0,Punjab,Urban,20122002.0,transport,12000.0,20122002.0,1896.3589096862693,2012,ISLAMABAD,2012.0
46869,2012200202.0,Punjab,Urban,20122002.0,transport,6000.0,20122002.0,1896.3589096862693,2012,ISLAMABAD,2012.0
46870,2012200202.0,Punjab,Urban,20122002.0,Unknown,14000.0,20122002.0,1896.3589096862693,2012,ISLAMABAD,2012.0
46871,2012200202.0,Punjab,Urban,20122002.0,telecom,6000.0,20122002.0,1896.3589096862693,2012,ISLAMABAD,2012.0
46872,2012200202.0,Punjab,Urban,20122002.0,internet,6000.0,20122002.0,1896.3589096862693,2012,ISLAMABAD,2012.0
46873,2012200202.0,Punjab,Urban,20122002.0,govt_school,12000.0,20122002.0,1896.3589096862693,2012,ISLAMABAD,2012.0
46874,2012200204.0,Punjab,Urban,20122002.0,Unknown,3000.0,20122002.0,1896.3589096862693,2012,ISLAMABAD,2012.0
46875,2012200204.0,Punjab,Urban,20122002.0,women_clothing,5000.0,20122002.0,1896.3589096862693,2012,ISLAMABAD,2012.0
46876,2012200204.0,Punjab,Urban,20122002.0,Unknown,1500.0,20122002.0,1896.3589096862693,2012,ISLAMABAD,2012.0
46877,2012200204.0,Punjab,Urban,20122002.0,rent,84000.0,20122002.0,1896.3589096862693,2012,ISLAMABAD,2012.0
46878,2012200204.0,Punjab,Urban,20122002.0,medical,10000.0,20122002.0,1896.3589096862693,2012,ISLAMABAD,2012.0
46879,2012200204.0,Punjab,Urban,20122002.0,transport,5000.0,20122002.0,1896.3589096862693,2012,ISLAMABAD,2012.0
46880,2012200204.0,Punjab,Urban,20122002.0,transport,10000.0,20122002.0,1896.3589096862693,2012,ISLAMABAD,2012.0
46881,2012200204.0,Punjab,Urban,20122002.0,Unknown,36000.0,20122002.0,1896.3589096862693,2012,ISLAMABAD,2012.0
46882,2012200204.0,Punjab,Urban,20122002.0,telecom,12000.0,20122002.0,1896.3589096862693,2012,ISLAMABAD,2012.0
46883,2012200204.0,Punjab,Urban,20122002.0,private_school,54000.0,20122002.0,1896.3589096862693,2012,ISLAMABAD,2012.0
46884,2012200205.0,Punjab,Urban,20122002.0,bread_other,225.0,20122002.0,1896.3589096862693,2012,ISLAMABAD,2012.0
46885,2012200205.0,Punjab,Urban,20122002.0,men_clothing,5000.0,20122002.0,1896.3589096862693,2012,ISLAMABAD,2012.0
46886,2012200205.0,Punjab,Urban,20122002.0,Unknown,1000.0,20122002.0,1896.3589096862693,2012,ISLAMABAD,2012.0
46887,2012200205.0,Punjab,Urban,20122002.0,women_clothing,5000.0,20122002.0,1896.3589096862693,2012,ISLAMABAD,2012.0
46888,2012200205.0,Punjab,Urban,20122002.0,Unknown,1000.0,20122002.0,1896.3589096862693,2012,ISLAMABAD,2012.0
46889,2012200205.0,Punjab,Urban,20122002.0,medical,5000.0,20122002.0,1896.3589096862693,2012,ISLAMABAD,2012.0
46890,2012200205.0,Punjab,Urban,20122002.0,telecom,6000.0,20122002.0,1896.3589096862693,2012,ISLAMABAD,2012.0
46891,2012200205.0,Punjab,Urban,20122002.0,private_school,24000.0,20122002.0,1896.3589096862693,2012,ISLAMABAD,2012.0
46892,2012200205.0,Punjab,Urban,20122002.0,bread_basic,150.0,20122002.0,1896.3589096862693,2012,ISLAMABAD,2012.0
46893,2012200206.0,Punjab,Urban,20122002.0,men_clothing,10000.0,20122002.0,1896.3589096862693,2012,ISLAMABAD,2012.0
46894,2012200206.0,Punjab,Urban,20122002.0,Unknown,5000.0,20122002.0,1896.3589096862693,2012,ISLAMABAD,2012.0
46895,2012200206.0,Punjab,Urban,20122002.0,women_clothing,2000.0,20122002.0,1896.3589096862693,2012,ISLAMABAD,2012.0
46896,2012200206.0,Punjab,Urban,20122002.0,Unknown,4000.0,20122002.0,1896.3589096862693,2012,ISLAMABAD,2012.0
46897,2012200206.0,Punjab,Urban,20122002.0,medical,10000.0,20122002.0,1896.3589096862693,2012,ISLAMABAD,2012.0
46898,2012200206.0,Punjab,Urban,20122002.0,medical,4000.0,20122002.0,1896.3589096862693,2012,ISLAMABAD,2012.0
46899,2012200206.0,Punjab,Urban,20122002.0,transport,8000.0,20122002.0,1896.3589096862693,2012,ISLAMABAD,2012.0
46900,2012200206.0,Punjab,Urban,20122002.0,transport,6000.0,20122002.0,1896.3589096862693,2012,ISLAMABAD,2012.0
46901,2012200206.0,Punjab,Urban,20122002.0,telecom,8400.0,20122002.0,1896.3589096862693,2012,ISLAMABAD,2012.0
46902,2012200206.0,Punjab,Urban,20122002.0,govt_school,17640.0,20122002.0,1896.3589096862693,2012,ISLAMABAD,2012.0
46903,2012200206.0,Punjab,Urban,20122002.0,private_school,18000.0,20122002.0,1896.3589096862693,2012,ISLAMABAD,2012.0
46904,2012200208.0,Punjab,Urban,20122002.0,men_clothing,5000.0,20122002.0,1896.3589096862693,2012,ISLAMABAD,2012.0
46905,2012200208.0,Punjab,Urban,20122002.0,Unknown,4000.0,20122002.0,1896.3589096862693,2012,ISLAMABAD,2012.0
46906,2012200208.0,Punjab,Urban,20122002.0,women_clothing,4000.0,20122002.0,1896.3589096862693,2012,ISLAMABAD,2012.0
46907,2012200208.0,Punjab,Urban,20122002.0,Unknown,2000.0,20122002.0,1896.3589096862693,2012,ISLAMABAD,2012.0
46908,2012200208.0,Punjab,Urban,20122002.0,medical,1500.0,20122002.0,1896.3589096862693,2012,ISLAMABAD,2012.0
46909,2012200208.0,Punjab,Urban,20122002.0,medical,800.0,20122002.0,1896.3589096862693,2012,ISLAMABAD,2012.0
46910,2012200208.0,Punjab,Urban,20122002.0,fuel,28000.0,20122002.0,1896.3589096862693,2012,ISLAMABAD,2012.0
46911,2012200208.0,Punjab,Urban,20122002.0,transport,10000.0,20122002.0,1896.3589096862693,2012,ISLAMABAD,2012.0
46912,2012200208.0,Punjab,Urban,20122002.0,Unknown,35000.0,20122002.0,1896.3589096862693,2012,ISLAMABAD,2012.0
46913,2012200208.0,Punjab,Urban,20122002.0,telecom,18000.0,20122002.0,1896.3589096862693,2012,ISLAMABAD,2012.0
46914,2012200208.0,Punjab,Urban,20122002.0,internet,24000.0,20122002.0,1896.3589096862693,2012,ISLAMABAD,2012.0
46915,2012200209.0,Punjab,Urban,20122002.0,Unknown,4000.0,20122002.0,1896.3589096862693,2012,ISLAMABAD,2012.0
46916,2012200209.0,Punjab,Urban,20122002.0,women_clothing,1000.0,20122002.0,1896.3589096862693,2012,ISLAMABAD,2012.0
46917,2012200209.0,Punjab,Urban,20122002.0,Unknown,2200.0,20122002.0,1896.3589096862693,2012,ISLAMABAD,2012.0
46918,2012200209.0,Punjab,Urban,20122002.0,transport,3000.0,20122002.0,1896.3589096862693,2012,ISLAMABAD,2012.0
46919,2012200209.0,Punjab,Urban,20122002.0,transport,4000.0,20122002.0,1896.3589096862693,2012,ISLAMABAD,2012.0
46920,2012200209.0,Punjab,Urban,20122002.0,telecom,1200.0,20122002.0,1896.3589096862693,2012,ISLAMABAD,2012.0
46921,2012200211.0,Punjab,Urban,20122002.0,men_clothing,5000.0,20122002.0,1896.3589096862693,2012,ISLAMABAD,2012.0
46922,2012200211.0,Punjab,Urban,20122002.0,women_clothing,2000.0,20122002.0,1896.3589096862693,2012,ISLAMABAD,2012.0
46923,2012200211.0,Punjab,Urban,20122002.0,rent,48000.0,20122002.0,1896.3589096862693,2012,ISLAMABAD,2012.0
46924,2012200211.0,Punjab,Urban,20122002.0,fuel,1500.0,20122002.0,1896.3589096862693,2012,ISLAMABAD,2012.0
46925,2012200211.0,Punjab,Urban,20122002.0,medical,5000.0,20122002.0,1896.3589096862693,2012,ISLAMABAD,2012.0
46926,2012200211.0,Punjab,Urban,20122002.0,medical,1000.0,20122002.0,1896.3589096862693,2012,ISLAMABAD,2012.0
46927,2012200211.0,Punjab,Urban,20122002.0,transport,8000.0,20122002.0,1896.3589096862693,2012,ISLAMABAD,2012.0
46928,2012200211.0,Punjab,Urban,20122002.0,transport,5000.0,20122002.0,1896.3589096862693,2012,ISLAMABAD,2012.0
46929,2012200211.0,Punjab,Urban,20122002.0,Unknown,2000.0,20122002.0,1896.3589096862693,2012,ISLAMABAD,2012.0
46930,2012200211.0,Punjab,Urban,20122002.0,telecom,7000.0,20122002.0,1896.3589096862693,2012,ISLAMABAD,2012.0
46931,2012200212.0,Punjab,Urban,20122002.0,Unknown,1000.0,20122002.0,1896.3589096862693,2012,ISLAMABAD,2012.0
46932,2012200212.0,Punjab,Urban,20122002.0,women_clothing,2000.0,20122002.0,1896.3589096862693,2012,ISLAMABAD,2012.0
46933,2012200212.0,Punjab,Urban,20122002.0,Unknown,500.0,20122002.0,1896.3589096862693,2012,ISLAMABAD,2012.0
46934,2012200212.0,Punjab,Urban,20122002.0,rent,78000.0,20122002.0,1896.3589096862693,2012,ISLAMABAD,2012.0
46935,2012200212.0,Punjab,Urban,20122002.0,medical,10000.0,20122002.0,1896.3589096862693,2012,ISLAMABAD,2012.0
46936,2012200212.0,Punjab,Urban,20122002.0,medical,2000.0,20122002.0,1896.3589096862693,2012,ISLAMABAD,2012.0
46937,2012200212.0,Punjab,Urban,20122002.0,transport,7000.0,20122002.0,1896.3589096862693,2012,ISLAMABAD,2012.0
46938,2012200212.0,Punjab,Urban,20122002.0,transport,5000.0,20122002.0,1896.3589096862693,2012,ISLAMABAD,2012.0
46939,2012200212.0,Punjab,Urban,20122002.0,telecom,6000.0,20122002.0,1896.3589096862693,2012,ISLAMABAD,2012.0
46940,2012200212.0,Punjab,Urban,20122002.0,govt_school,720.0,20122002.0,1896.3589096862693,2012,ISLAMABAD,2012.0
46941,2012200601.0,Punjab,Urban,20122006.0,rent,8400.0,20122006.0,2233.4062191884714,2012,ISLAMABAD,2012.0
46942,2012200601.0,Punjab,Urban,20122006.0,fuel,388.0,20122006.0,2233.4062191884714,2012,ISLAMABAD,2012.0
46943,2012200601.0,Punjab,Urban,20122006.0,transport,2000.0,20122006.0,2233.4062191884714,2012,ISLAMABAD,2012.0
46944,2012200601.0,Punjab,Urban,20122006.0,transport,10000.0,20122006.0,2233.4062191884714,2012,ISLAMABAD,2012.0
46945,2012200601.0,Punjab,Urban,20122006.0,telecom,6000.0,20122006.0,2233.4062191884714,2012,ISLAMABAD,2012.0
46946,2012200601.0,Punjab,Urban,20122006.0,bread_basic,500.0,20122006.0,2233.4062191884714,2012,ISLAMABAD,2012.0
46947,2012200601.0,Punjab,Urban,20122006.0,bread_basic,150.0,20122006.0,2233.4062191884714,2012,ISLAMABAD,2012.0
46948,2012200602.0,Punjab,Urban,20122006.0,Unknown,4000.0,20122006.0,2233.4062191884714,2012,ISLAMABAD,2012.0
46949,2012200602.0,Punjab,Urban,20122006.0,women_clothing,1000.0,20122006.0,2233.4062191884714,2012,ISLAMABAD,2012.0
46950,2012200602.0,Punjab,Urban,20122006.0,Unknown,3000.0,20122006.0,2233.4062191884714,2012,ISLAMABAD,2012.0
46951,2012200602.0,Punjab,Urban,20122006.0,fuel,2400.0,20122006.0,2233.4062191884714,2012,ISLAMABAD,2012.0
46952,2012200602.0,Punjab,Urban,20122006.0,medical,1200.0,20122006.0,2233.4062191884714,2012,ISLAMABAD,2012.0
46953,2012200602.0,Punjab,Urban,20122006.0,medical,1000.0,20122006.0,2233.4062191884714,2012,ISLAMABAD,2012.0
46954,2012200602.0,Punjab,Urban,20122006.0,transport,2000.0,20122006.0,2233.4062191884714,2012,ISLAMABAD,2012.0
46955,2012200602.0,Punjab,Urban,20122006.0,telecom,6000.0,20122006.0,2233.4062191884714,2012,ISLAMABAD,2012.0
46956,2012200602.0,Punjab,Urban,20122006.0,govt_school,720.0,20122006.0,2233.4062191884714,2012,ISLAMABAD,2012.0
46957,2012200602.0,Punjab,Urban,20122006.0,private_school,13200.0,20122006.0,2233.4062191884714,2012,ISLAMABAD,2012.0
46958,2012200603.0,Punjab,Urban,20122006.0,men_clothing,12000.0,20122006.0,2233.4062191884714,2012,ISLAMABAD,2012.0
46959,2012200603.0,Punjab,Urban,20122006.0,rent,60000.0,20122006.0,2233.4062191884714,2012,ISLAMABAD,2012.0
46960,2012200603.0,Punjab,Urban,20122006.0,fuel,387.0,20122006.0,2233.4062191884714,2012,ISLAMABAD,2012.0
46961,2012200603.0,Punjab,Urban,20122006.0,fuel,38400.0,20122006.0,2233.4062191884714,2012,ISLAMABAD,2012.0
46962,2012200603.0,Punjab,Urban,20122006.0,transport,24000.0,20122006.0,2233.4062191884714,2012,ISLAMABAD,2012.0
46963,2012200603.0,Punjab,Urban,20122006.0,telecom,24000.0,20122006.0,2233.4062191884714,2012,ISLAMABAD,2012.0
46964,2012200603.0,Punjab,Urban,20122006.0,bread_basic,500.0,20122006.0,2233.4062191884714,2012,ISLAMABAD,2012.0
46965,2012200603.0,Punjab,Urban,20122006.0,bread_basic,500.0,20122006.0,2233.4062191884714,2012,ISLAMABAD,2012.0
46966,2012200604.0,Punjab,Urban,20122006.0,Unknown,5000.0,20122006.0,2233.4062191884714,2012,ISLAMABAD,2012.0
46967,2012200604.0,Punjab,Urban,20122006.0,women_clothing,1000.0,20122006.0,2233.4062191884714,2012,ISLAMABAD,2012.0
46968,2012200604.0,Punjab,Urban,20122006.0,rent,48000.0,20122006.0,2233.4062191884714,2012,ISLAMABAD,2012.0
46969,2012200604.0,Punjab,Urban,20122006.0,fuel,600.0,20122006.0,2233.4062191884714,2012,ISLAMABAD,2012.0
46970,2012200604.0,Punjab,Urban,20122006.0,medical,1200.0,20122006.0,2233.4062191884714,2012,ISLAMABAD,2012.0
46971,2012200604.0,Punjab,Urban,20122006.0,medical,600.0,20122006.0,2233.4062191884714,2012,ISLAMABAD,2012.0
46972,2012200604.0,Punjab,Urban,20122006.0,transport,4000.0,20122006.0,2233.4062191884714,2012,ISLAMABAD,2012.0
46973,2012200604.0,Punjab,Urban,20122006.0,telecom,4800.0,20122006.0,2233.4062191884714,2012,ISLAMABAD,2012.0
46974,2012200604.0,Punjab,Urban,20122006.0,govt_school,720.0,20122006.0,2233.4062191884714,2012,ISLAMABAD,2012.0
46975,2012200604.0,Punjab,Urban,20122006.0,private_school,9000.0,20122006.0,2233.4062191884714,2012,ISLAMABAD,2012.0
46976,2012200606.0,Punjab,Urban,20122006.0,men_clothing,18000.0,20122006.0,2233.4062191884714,2012,ISLAMABAD,2012.0
46977,2012200606.0,Punjab,Urban,20122006.0,women_clothing,2000.0,20122006.0,2233.4062191884714,2012,ISLAMABAD,2012.0
46978,2012200606.0,Punjab,Urban,20122006.0,fuel,1550.0,20122006.0,2233.4062191884714,2012,ISLAMABAD,2012.0
46979,2012200606.0,Punjab,Urban,20122006.0,fuel,30000.0,20122006.0,2233.4062191884714,2012,ISLAMABAD,2012.0
46980,2012200606.0,Punjab,Urban,20122006.0,fuel,12000.0,20122006.0,2233.4062191884714,2012,ISLAMABAD,2012.0
46981,2012200606.0,Punjab,Urban,20122006.0,telecom,12000.0,20122006.0,2233.4062191884714,2012,ISLAMABAD,2012.0
46982,2012200606.0,Punjab,Urban,20122006.0,bread_basic,300.0,20122006.0,2233.4062191884714,2012,ISLAMABAD,2012.0
46983,2012200607.0,Punjab,Urban,20122006.0,men_clothing,1000.0,20122006.0,2233.4062191884714,2012,ISLAMABAD,2012.0
46984,2012200607.0,Punjab,Urban,20122006.0,women_clothing,3000.0,20122006.0,2233.4062191884714,2012,ISLAMABAD,2012.0
46985,2012200607.0,Punjab,Urban,20122006.0,fuel,1600.0,20122006.0,2233.4062191884714,2012,ISLAMABAD,2012.0
46986,2012200607.0,Punjab,Urban,20122006.0,medical,30000.0,20122006.0,2233.4062191884714,2012,ISLAMABAD,2012.0
46987,2012200607.0,Punjab,Urban,20122006.0,medical,5000.0,20122006.0,2233.4062191884714,2012,ISLAMABAD,2012.0
46988,2012200607.0,Punjab,Urban,20122006.0,fuel,42000.0,20122006.0,2233.4062191884714,2012,ISLAMABAD,2012.0
46989,2012200607.0,Punjab,Urban,20122006.0,transport,5000.0,20122006.0,2233.4062191884714,2012,ISLAMABAD,2012.0
46990,2012200607.0,Punjab,Urban,20122006.0,telecom,4200.0,20122006.0,2233.4062191884714,2012,ISLAMABAD,2012.0
46991,2012200607.0,Punjab,Urban,20122006.0,bread_basic,250.0,20122006.0,2233.4062191884714,2012,ISLAMABAD,2012.0
46992,2012200609.0,Punjab,Urban,20122006.0,men_clothing,1500.0,20122006.0,2233.4062191884714,2012,ISLAMABAD,2012.0
46993,2012200609.0,Punjab,Urban,20122006.0,women_clothing,1400.0,20122006.0,2233.4062191884714,2012,ISLAMABAD,2012.0
46994,2012200609.0,Punjab,Urban,20122006.0,fuel,1600.0,20122006.0,2233.4062191884714,2012,ISLAMABAD,2012.0
46995,2012200609.0,Punjab,Urban,20122006.0,medical,1500.0,20122006.0,2233.4062191884714,2012,ISLAMABAD,2012.0
46996,2012200609.0,Punjab,Urban,20122006.0,medical,500.0,20122006.0,2233.4062191884714,2012,ISLAMABAD,2012.0
46997,2012200609.0,Punjab,Urban,20122006.0,fuel,12000.0,20122006.0,2233.4062191884714,2012,ISLAMABAD,2012.0
46998,2012200609.0,Punjab,Urban,20122006.0,fuel,24000.0,20122006.0,2233.4062191884714,2012,ISLAMABAD,2012.0
46999,2012200609.0,Punjab,Urban,20122006.0,telecom,6000.0,20122006.0,2233.4062191884714,2012,ISLAMABAD,2012.0
47000,2012200610.0,Punjab,Urban,20122006.0,men_clothing,1000.0,20122006.0,2233.4062191884714,2012,ISLAMABAD,2012.0
47001,2012200610.0,Punjab,Urban,20122006.0,women_clothing,500.0,20122006.0,2233.4062191884714,2012,ISLAMABAD,2012.0
47002,2012200610.0,Punjab,Urban,20122006.0,fuel,2100.0,20122006.0,2233.4062191884714,2012,ISLAMABAD,2012.0
47003,2012200610.0,Punjab,Urban,20122006.0,medical,2000.0,20122006.0,2233.4062191884714,2012,ISLAMABAD,2012.0
47004,2012200610.0,Punjab,Urban,20122006.0,medical,100.0,20122006.0,2233.4062191884714,2012,ISLAMABAD,2012.0
47005,2012200610.0,Punjab,Urban,20122006.0,fuel,24000.0,20122006.0,2233.4062191884714,2012,ISLAMABAD,2012.0
47006,2012200610.0,Punjab,Urban,20122006.0,telecom,7200.0,20122006.0,2233.4062191884714,2012,ISLAMABAD,2012.0
47007,2012200610.0,Punjab,Urban,20122006.0,bread_basic,200.0,20122006.0,2233.4062191884714,2012,ISLAMABAD,2012.0
47008,2012200611.0,Punjab,Urban,20122006.0,men_clothing,1000.0,20122006.0,2233.4062191884714,2012,ISLAMABAD,2012.0
47009,2012200611.0,Punjab,Urban,20122006.0,women_clothing,2000.0,20122006.0,2233.4062191884714,2012,ISLAMABAD,2012.0
47010,2012200611.0,Punjab,Urban,20122006.0,rent,36000.0,20122006.0,2233.4062191884714,2012,ISLAMABAD,2012.0
47011,2012200611.0,Punjab,Urban,20122006.0,fuel,1800.0,20122006.0,2233.4062191884714,2012,ISLAMABAD,2012.0
47012,2012200611.0,Punjab,Urban,20122006.0,medical,30000.0,20122006.0,2233.4062191884714,2012,ISLAMABAD,2012.0
47013,2012200611.0,Punjab,Urban,20122006.0,medical,4000.0,20122006.0,2233.4062191884714,2012,ISLAMABAD,2012.0
47014,2012200611.0,Punjab,Urban,20122006.0,fuel,18000.0,20122006.0,2233.4062191884714,2012,ISLAMABAD,2012.0
47015,2012200611.0,Punjab,Urban,20122006.0,transport,15000.0,20122006.0,2233.4062191884714,2012,ISLAMABAD,2012.0
47016,2012200611.0,Punjab,Urban,20122006.0,telecom,8000.0,20122006.0,2233.4062191884714,2012,ISLAMABAD,2012.0
47017,2012200611.0,Punjab,Urban,20122006.0,bread_basic,200.0,20122006.0,2233.4062191884714,2012,ISLAMABAD,2012.0
47018,2012200612.0,Punjab,Urban,20122006.0,men_clothing,2000.0,20122006.0,2233.4062191884714,2012,ISLAMABAD,2012.0
47019,2012200612.0,Punjab,Urban,20122006.0,women_clothing,2000.0,20122006.0,2233.4062191884714,2012,ISLAMABAD,2012.0
47020,2012200612.0,Punjab,Urban,20122006.0,fuel,100.0,20122006.0,2233.4062191884714,2012,ISLAMABAD,2012.0
47021,2012200612.0,Punjab,Urban,20122006.0,medical,4000.0,20122006.0,2233.4062191884714,2012,ISLAMABAD,2012.0
47022,2012200612.0,Punjab,Urban,20122006.0,medical,2000.0,20122006.0,2233.4062191884714,2012,ISLAMABAD,2012.0
47023,2012200612.0,Punjab,Urban,20122006.0,transport,2000.0,20122006.0,2233.4062191884714,2012,ISLAMABAD,2012.0
47024,2012200612.0,Punjab,Urban,20122006.0,telecom,3800.0,20122006.0,2233.4062191884714,2012,ISLAMABAD,2012.0
47025,2012300301.0,Punjab,Urban,20123003.0,medical,1500.0,20123003.0,1704.9147191471914,2012,ISLAMABAD,2012.0
47026,2012300301.0,Punjab,Urban,20123003.0,medical,600.0,20123003.0,1704.9147191471914,2012,ISLAMABAD,2012.0
47027,2012300301.0,Punjab,Urban,20123003.0,transport,1000.0,20123003.0,1704.9147191471914,2012,ISLAMABAD,2012.0
47028,2012300301.0,Punjab,Urban,20123003.0,transport,8000.0,20123003.0,1704.9147191471914,2012,ISLAMABAD,2012.0
47029,2012300301.0,Punjab,Urban,20123003.0,telecom,4800.0,20123003.0,1704.9147191471914,2012,ISLAMABAD,2012.0
47030,2012300302.0,Punjab,Urban,20123003.0,rent,28800.0,20123003.0,1704.9147191471914,2012,ISLAMABAD,2012.0
47031,2012300302.0,Punjab,Urban,20123003.0,fuel,720.0,20123003.0,1704.9147191471914,2012,ISLAMABAD,2012.0
47032,2012300302.0,Punjab,Urban,20123003.0,medical,2000.0,20123003.0,1704.9147191471914,2012,ISLAMABAD,2012.0
47033,2012300302.0,Punjab,Urban,20123003.0,medical,1000.0,20123003.0,1704.9147191471914,2012,ISLAMABAD,2012.0
47034,2012300302.0,Punjab,Urban,20123003.0,transport,1500.0,20123003.0,1704.9147191471914,2012,ISLAMABAD,2012.0
47035,2012300302.0,Punjab,Urban,20123003.0,transport,12000.0,20123003.0,1704.9147191471914,2012,ISLAMABAD,2012.0
47036,2012300302.0,Punjab,Urban,20123003.0,telecom,14400.0,20123003.0,1704.9147191471914,2012,ISLAMABAD,2012.0
47037,2012300303.0,Punjab,Urban,20123003.0,bread_other,150.0,20123003.0,1704.9147191471914,2012,ISLAMABAD,2012.0
47038,2012300303.0,Punjab,Urban,20123003.0,rent,14400.0,20123003.0,1704.9147191471914,2012,ISLAMABAD,2012.0
47039,2012300303.0,Punjab,Urban,20123003.0,medical,2000.0,20123003.0,1704.9147191471914,2012,ISLAMABAD,2012.0
47040,2012300303.0,Punjab,Urban,20123003.0,medical,1000.0,20123003.0,1704.9147191471914,2012,ISLAMABAD,2012.0
47041,2012300303.0,Punjab,Urban,20123003.0,transport,12000.0,20123003.0,1704.9147191471914,2012,ISLAMABAD,2012.0
47042,2012300303.0,Punjab,Urban,20123003.0,transport,15000.0,20123003.0,1704.9147191471914,2012,ISLAMABAD,2012.0
47043,2012300303.0,Punjab,Urban,20123003.0,telecom,6000.0,20123003.0,1704.9147191471914,2012,ISLAMABAD,2012.0
47044,2012300303.0,Punjab,Urban,20123003.0,bread_basic,20.0,20123003.0,1704.9147191471914,2012,ISLAMABAD,2012.0
47045,2012300304.0,Punjab,Urban,20123003.0,rent,14400.0,20123003.0,1704.9147191471914,2012,ISLAMABAD,2012.0
47046,2012300304.0,Punjab,Urban,20123003.0,medical,3000.0,20123003.0,1704.9147191471914,2012,ISLAMABAD,2012.0
47047,2012300304.0,Punjab,Urban,20123003.0,medical,1200.0,20123003.0,1704.9147191471914,2012,ISLAMABAD,2012.0
47048,2012300304.0,Punjab,Urban,20123003.0,fuel,36000.0,20123003.0,1704.9147191471914,2012,ISLAMABAD,2012.0
47049,2012300304.0,Punjab,Urban,20123003.0,fuel,2000.0,20123003.0,1704.9147191471914,2012,ISLAMABAD,2012.0
47050,2012300304.0,Punjab,Urban,20123003.0,telecom,10800.0,20123003.0,1704.9147191471914,2012,ISLAMABAD,2012.0
47051,2012300305.0,Punjab,Urban,20123003.0,Unknown,1000.0,20123003.0,1704.9147191471914,2012,ISLAMABAD,2012.0
47052,2012300305.0,Punjab,Urban,20123003.0,Unknown,1000.0,20123003.0,1704.9147191471914,2012,ISLAMABAD,2012.0
47053,2012300305.0,Punjab,Urban,20123003.0,rent,36000.0,20123003.0,1704.9147191471914,2012,ISLAMABAD,2012.0
47054,2012300305.0,Punjab,Urban,20123003.0,medical,10000.0,20123003.0,1704.9147191471914,2012,ISLAMABAD,2012.0
47055,2012300305.0,Punjab,Urban,20123003.0,medical,500.0,20123003.0,1704.9147191471914,2012,ISLAMABAD,2012.0
47056,2012300305.0,Punjab,Urban,20123003.0,transport,12000.0,20123003.0,1704.9147191471914,2012,ISLAMABAD,2012.0
47057,2012300305.0,Punjab,Urban,20123003.0,transport,7000.0,20123003.0,1704.9147191471914,2012,ISLAMABAD,2012.0
47058,2012300305.0,Punjab,Urban,20123003.0,private_school,6600.0,20123003.0,1704.9147191471914,2012,ISLAMABAD,2012.0
47059,2012300306.0,Punjab,Urban,20123003.0,bread_other,225.0,20123003.0,1704.9147191471914,2012,ISLAMABAD,2012.0
47060,2012300306.0,Punjab,Urban,20123003.0,rent,13200.0,20123003.0,1704.9147191471914,2012,ISLAMABAD,2012.0
47061,2012300306.0,Punjab,Urban,20123003.0,medical,2000.0,20123003.0,1704.9147191471914,2012,ISLAMABAD,2012.0
47062,2012300306.0,Punjab,Urban,20123003.0,medical,1000.0,20123003.0,1704.9147191471914,2012,ISLAMABAD,2012.0
47063,2012300306.0,Punjab,Urban,20123003.0,transport,8000.0,20123003.0,1704.9147191471914,2012,ISLAMABAD,2012.0
47064,2012300306.0,Punjab,Urban,20123003.0,transport,12000.0,20123003.0,1704.9147191471914,2012,ISLAMABAD,2012.0
47065,2012300306.0,Punjab,Urban,20123003.0,telecom,6000.0,20123003.0,1704.9147191471914,2012,ISLAMABAD,2012.0
47066,2012300306.0,Punjab,Urban,20123003.0,bread_basic,300.0,20123003.0,1704.9147191471914,2012,ISLAMABAD,2012.0
47067,2012300306.0,Punjab,Urban,20123003.0,bread_basic,300.0,20123003.0,1704.9147191471914,2012,ISLAMABAD,2012.0
47068,2012300307.0,Punjab,Urban,20123003.0,Unknown,3000.0,20123003.0,1704.9147191471914,2012,ISLAMABAD,2012.0
47069,2012300307.0,Punjab,Urban,20123003.0,women_clothing,1200.0,20123003.0,1704.9147191471914,2012,ISLAMABAD,2012.0
47070,2012300307.0,Punjab,Urban,20123003.0,Unknown,1500.0,20123003.0,1704.9147191471914,2012,ISLAMABAD,2012.0
47071,2012300307.0,Punjab,Urban,20123003.0,medical,1500.0,20123003.0,1704.9147191471914,2012,ISLAMABAD,2012.0
47072,2012300307.0,Punjab,Urban,20123003.0,medical,300.0,20123003.0,1704.9147191471914,2012,ISLAMABAD,2012.0
47073,2012300307.0,Punjab,Urban,20123003.0,transport,8000.0,20123003.0,1704.9147191471914,2012,ISLAMABAD,2012.0
47074,2012300307.0,Punjab,Urban,20123003.0,transport,4000.0,20123003.0,1704.9147191471914,2012,ISLAMABAD,2012.0
47075,2012300307.0,Punjab,Urban,20123003.0,telecom,18000.0,20123003.0,1704.9147191471914,2012,ISLAMABAD,2012.0
47076,2012300307.0,Punjab,Urban,20123003.0,govt_school,720.0,20123003.0,1704.9147191471914,2012,ISLAMABAD,2012.0
47077,2012300308.0,Punjab,Urban,20123003.0,women_clothing,1000.0,20123003.0,1704.9147191471914,2012,ISLAMABAD,2012.0
47078,2012300308.0,Punjab,Urban,20123003.0,rent,60000.0,20123003.0,1704.9147191471914,2012,ISLAMABAD,2012.0
47079,2012300308.0,Punjab,Urban,20123003.0,medical,2000.0,20123003.0,1704.9147191471914,2012,ISLAMABAD,2012.0
47080,2012300308.0,Punjab,Urban,20123003.0,medical,500.0,20123003.0,1704.9147191471914,2012,ISLAMABAD,2012.0
47081,2012300308.0,Punjab,Urban,20123003.0,transport,6000.0,20123003.0,1704.9147191471914,2012,ISLAMABAD,2012.0
47082,2012300308.0,Punjab,Urban,20123003.0,transport,6000.0,20123003.0,1704.9147191471914,2012,ISLAMABAD,2012.0
47083,2012300308.0,Punjab,Urban,20123003.0,internet,4800.0,20123003.0,1704.9147191471914,2012,ISLAMABAD,2012.0
47084,2012300309.0,Punjab,Urban,20123003.0,bread_other,60.0,20123003.0,1704.9147191471914,2012,ISLAMABAD,2012.0
47085,2012300309.0,Punjab,Urban,20123003.0,Unknown,5000.0,20123003.0,1704.9147191471914,2012,ISLAMABAD,2012.0
47086,2012300309.0,Punjab,Urban,20123003.0,Unknown,4000.0,20123003.0,1704.9147191471914,2012,ISLAMABAD,2012.0
47087,2012300309.0,Punjab,Urban,20123003.0,medical,30000.0,20123003.0,1704.9147191471914,2012,ISLAMABAD,2012.0
47088,2012300309.0,Punjab,Urban,20123003.0,medical,15000.0,20123003.0,1704.9147191471914,2012,ISLAMABAD,2012.0
47089,2012300309.0,Punjab,Urban,20123003.0,fuel,60000.0,20123003.0,1704.9147191471914,2012,ISLAMABAD,2012.0
47090,2012300309.0,Punjab,Urban,20123003.0,transport,10000.0,20123003.0,1704.9147191471914,2012,ISLAMABAD,2012.0
47091,2012300309.0,Punjab,Urban,20123003.0,transport,2000.0,20123003.0,1704.9147191471914,2012,ISLAMABAD,2012.0
47092,2012300309.0,Punjab,Urban,20123003.0,telecom,6000.0,20123003.0,1704.9147191471914,2012,ISLAMABAD,2012.0
47093,2012300310.0,Punjab,Urban,20123003.0,bread_other,300.0,20123003.0,1704.9147191471914,2012,ISLAMABAD,2012.0
47094,2012300310.0,Punjab,Urban,20123003.0,men_clothing,3000.0,20123003.0,1704.9147191471914,2012,ISLAMABAD,2012.0
47095,2012300310.0,Punjab,Urban,20123003.0,Unknown,7000.0,20123003.0,1704.9147191471914,2012,ISLAMABAD,2012.0
47096,2012300310.0,Punjab,Urban,20123003.0,women_clothing,10000.0,20123003.0,1704.9147191471914,2012,ISLAMABAD,2012.0
47097,2012300310.0,Punjab,Urban,20123003.0,Unknown,4000.0,20123003.0,1704.9147191471914,2012,ISLAMABAD,2012.0
47098,2012300310.0,Punjab,Urban,20123003.0,medical,7000.0,20123003.0,1704.9147191471914,2012,ISLAMABAD,2012.0
47099,2012300310.0,Punjab,Urban,20123003.0,medical,3000.0,20123003.0,1704.9147191471914,2012,ISLAMABAD,2012.0
47100,2012300310.0,Punjab,Urban,20123003.0,fuel,2400.0,20123003.0,1704.9147191471914,2012,ISLAMABAD,2012.0
47101,2012300310.0,Punjab,Urban,20123003.0,transport,5000.0,20123003.0,1704.9147191471914,2012,ISLAMABAD,2012.0
47102,2012300310.0,Punjab,Urban,20123003.0,transport,8000.0,20123003.0,1704.9147191471914,2012,ISLAMABAD,2012.0
47103,2012300310.0,Punjab,Urban,20123003.0,telecom,24000.0,20123003.0,1704.9147191471914,2012,ISLAMABAD,2012.0
47104,2012300310.0,Punjab,Urban,20123003.0,private_school,63600.0,20123003.0,1704.9147191471914,2012,ISLAMABAD,2012.0
47105,2012300310.0,Punjab,Urban,20123003.0,bread_basic,100.0,20123003.0,1704.9147191471914,2012,ISLAMABAD,2012.0
47106,2012300311.0,Punjab,Urban,20123003.0,rent,11000.0,20123003.0,1704.9147191471914,2012,ISLAMABAD,2012.0
47107,2012300311.0,Punjab,Urban,20123003.0,medical,2000.0,20123003.0,1704.9147191471914,2012,ISLAMABAD,2012.0
47108,2012300311.0,Punjab,Urban,20123003.0,medical,5000.0,20123003.0,1704.9147191471914,2012,ISLAMABAD,2012.0
47109,2012300311.0,Punjab,Urban,20123003.0,fuel,2000.0,20123003.0,1704.9147191471914,2012,ISLAMABAD,2012.0
47110,2012300311.0,Punjab,Urban,20123003.0,transport,6000.0,20123003.0,1704.9147191471914,2012,ISLAMABAD,2012.0
47111,2012300311.0,Punjab,Urban,20123003.0,Unknown,2000.0,20123003.0,1704.9147191471914,2012,ISLAMABAD,2012.0
47112,2012300311.0,Punjab,Urban,20123003.0,telecom,10000.0,20123003.0,1704.9147191471914,2012,ISLAMABAD,2012.0
47113,2012300311.0,Punjab,Urban,20123003.0,internet,5000.0,20123003.0,1704.9147191471914,2012,ISLAMABAD,2012.0
47114,2012300311.0,Punjab,Urban,20123003.0,govt_school,13000.0,20123003.0,1704.9147191471914,2012,ISLAMABAD,2012.0
47115,2012300311.0,Punjab,Urban,20123003.0,bread_basic,380.0,20123003.0,1704.9147191471914,2012,ISLAMABAD,2012.0
47116,2012300312.0,Punjab,Urban,20123003.0,men_clothing,10000.0,20123003.0,1704.9147191471914,2012,ISLAMABAD,2012.0
47117,2012300312.0,Punjab,Urban,20123003.0,Unknown,10000.0,20123003.0,1704.9147191471914,2012,ISLAMABAD,2012.0
47118,2012300312.0,Punjab,Urban,20123003.0,women_clothing,3000.0,20123003.0,1704.9147191471914,2012,ISLAMABAD,2012.0
47119,2012300312.0,Punjab,Urban,20123003.0,Unknown,8000.0,20123003.0,1704.9147191471914,2012,ISLAMABAD,2012.0
47120,2012300312.0,Punjab,Urban,20123003.0,medical,15000.0,20123003.0,1704.9147191471914,2012,ISLAMABAD,2012.0
47121,2012300312.0,Punjab,Urban,20123003.0,medical,7000.0,20123003.0,1704.9147191471914,2012,ISLAMABAD,2012.0
47122,2012300312.0,Punjab,Urban,20123003.0,fuel,6000.0,20123003.0,1704.9147191471914,2012,ISLAMABAD,2012.0
47123,2012300312.0,Punjab,Urban,20123003.0,transport,10000.0,20123003.0,1704.9147191471914,2012,ISLAMABAD,2012.0
47124,2012300312.0,Punjab,Urban,20123003.0,transport,5000.0,20123003.0,1704.9147191471914,2012,ISLAMABAD,2012.0
47125,2012300312.0,Punjab,Urban,20123003.0,Unknown,24000.0,20123003.0,1704.9147191471914,2012,ISLAMABAD,2012.0
47126,2012300312.0,Punjab,Urban,20123003.0,telecom,36000.0,20123003.0,1704.9147191471914,2012,ISLAMABAD,2012.0
47127,2012300312.0,Punjab,Urban,20123003.0,bread_basic,250.0,20123003.0,1704.9147191471914,2012,ISLAMABAD,2012.0
47128,2012300312.0,Punjab,Urban,20123003.0,bread_basic,150.0,20123003.0,1704.9147191471914,2012,ISLAMABAD,2012.0
47129,2012300701.0,Punjab,Urban,20123007.0,men_clothing,15000.0,20123007.0,1676.8623460886236,2012,ISLAMABAD,2012.0
47130,2012300701.0,Punjab,Urban,20123007.0,Unknown,5000.0,20123007.0,1676.8623460886236,2012,ISLAMABAD,2012.0
47131,2012300701.0,Punjab,Urban,20123007.0,women_clothing,10000.0,20123007.0,1676.8623460886236,2012,ISLAMABAD,2012.0
47132,2012300701.0,Punjab,Urban,20123007.0,Unknown,3000.0,20123007.0,1676.8623460886236,2012,ISLAMABAD,2012.0
47133,2012300701.0,Punjab,Urban,20123007.0,medical,2000.0,20123007.0,1676.8623460886236,2012,ISLAMABAD,2012.0
47134,2012300701.0,Punjab,Urban,20123007.0,medical,300.0,20123007.0,1676.8623460886236,2012,ISLAMABAD,2012.0
47135,2012300701.0,Punjab,Urban,20123007.0,fuel,40000.0,20123007.0,1676.8623460886236,2012,ISLAMABAD,2012.0
47136,2012300701.0,Punjab,Urban,20123007.0,transport,2000.0,20123007.0,1676.8623460886236,2012,ISLAMABAD,2012.0
47137,2012300701.0,Punjab,Urban,20123007.0,transport,5000.0,20123007.0,1676.8623460886236,2012,ISLAMABAD,2012.0
47138,2012300701.0,Punjab,Urban,20123007.0,telecom,30000.0,20123007.0,1676.8623460886236,2012,ISLAMABAD,2012.0
47139,2012300701.0,Punjab,Urban,20123007.0,private_school,23000.0,20123007.0,1676.8623460886236,2012,ISLAMABAD,2012.0
47140,2012300701.0,Punjab,Urban,20123007.0,bread_basic,250.0,20123007.0,1676.8623460886236,2012,ISLAMABAD,2012.0
47141,2012300702.0,Punjab,Urban,20123007.0,bread_other,240.0,20123007.0,1676.8623460886236,2012,ISLAMABAD,2012.0
47142,2012300702.0,Punjab,Urban,20123007.0,men_clothing,10000.0,20123007.0,1676.8623460886236,2012,ISLAMABAD,2012.0
47143,2012300702.0,Punjab,Urban,20123007.0,women_clothing,15000.0,20123007.0,1676.8623460886236,2012,ISLAMABAD,2012.0
47144,2012300702.0,Punjab,Urban,20123007.0,medical,4000.0,20123007.0,1676.8623460886236,2012,ISLAMABAD,2012.0
47145,2012300702.0,Punjab,Urban,20123007.0,medical,1500.0,20123007.0,1676.8623460886236,2012,ISLAMABAD,2012.0
47146,2012300702.0,Punjab,Urban,20123007.0,fuel,30000.0,20123007.0,1676.8623460886236,2012,ISLAMABAD,2012.0
47147,2012300702.0,Punjab,Urban,20123007.0,transport,30000.0,20123007.0,1676.8623460886236,2012,ISLAMABAD,2012.0
47148,2012300702.0,Punjab,Urban,20123007.0,telecom,8000.0,20123007.0,1676.8623460886236,2012,ISLAMABAD,2012.0
47149,2012300702.0,Punjab,Urban,20123007.0,internet,4000.0,20123007.0,1676.8623460886236,2012,ISLAMABAD,2012.0
47150,2012300703.0,Punjab,Urban,20123007.0,bread_other,50.0,20123007.0,1676.8623460886236,2012,ISLAMABAD,2012.0
47151,2012300703.0,Punjab,Urban,20123007.0,men_clothing,6000.0,20123007.0,1676.8623460886236,2012,ISLAMABAD,2012.0
47152,2012300703.0,Punjab,Urban,20123007.0,women_clothing,2000.0,20123007.0,1676.8623460886236,2012,ISLAMABAD,2012.0
47153,2012300703.0,Punjab,Urban,20123007.0,medical,25000.0,20123007.0,1676.8623460886236,2012,ISLAMABAD,2012.0
47154,2012300703.0,Punjab,Urban,20123007.0,medical,15000.0,20123007.0,1676.8623460886236,2012,ISLAMABAD,2012.0
47155,2012300703.0,Punjab,Urban,20123007.0,transport,6000.0,20123007.0,1676.8623460886236,2012,ISLAMABAD,2012.0
47156,2012300703.0,Punjab,Urban,20123007.0,transport,8000.0,20123007.0,1676.8623460886236,2012,ISLAMABAD,2012.0
47157,2012300703.0,Punjab,Urban,20123007.0,telecom,24000.0,20123007.0,1676.8623460886236,2012,ISLAMABAD,2012.0
47158,2012300703.0,Punjab,Urban,20123007.0,bread_basic,150.0,20123007.0,1676.8623460886236,2012,ISLAMABAD,2012.0
47159,2012300704.0,Punjab,Urban,20123007.0,men_clothing,4000.0,20123007.0,1676.8623460886236,2012,ISLAMABAD,2012.0
47160,2012300704.0,Punjab,Urban,20123007.0,women_clothing,1000.0,20123007.0,1676.8623460886236,2012,ISLAMABAD,2012.0
47161,2012300704.0,Punjab,Urban,20123007.0,fuel,1440.0,20123007.0,1676.8623460886236,2012,ISLAMABAD,2012.0
47162,2012300704.0,Punjab,Urban,20123007.0,medical,8000.0,20123007.0,1676.8623460886236,2012,ISLAMABAD,2012.0
47163,2012300704.0,Punjab,Urban,20123007.0,medical,3000.0,20123007.0,1676.8623460886236,2012,ISLAMABAD,2012.0
47164,2012300704.0,Punjab,Urban,20123007.0,transport,24000.0,20123007.0,1676.8623460886236,2012,ISLAMABAD,2012.0
47165,2012300704.0,Punjab,Urban,20123007.0,transport,8000.0,20123007.0,1676.8623460886236,2012,ISLAMABAD,2012.0
47166,2012300704.0,Punjab,Urban,20123007.0,Unknown,13000.0,20123007.0,1676.8623460886236,2012,ISLAMABAD,2012.0
47167,2012300704.0,Punjab,Urban,20123007.0,telecom,19000.0,20123007.0,1676.8623460886236,2012,ISLAMABAD,2012.0
47168,2012300705.0,Punjab,Urban,20123007.0,men_clothing,7000.0,20123007.0,1676.8623460886236,2012,ISLAMABAD,2012.0
47169,2012300705.0,Punjab,Urban,20123007.0,Unknown,6000.0,20123007.0,1676.8623460886236,2012,ISLAMABAD,2012.0
47170,2012300705.0,Punjab,Urban,20123007.0,women_clothing,2000.0,20123007.0,1676.8623460886236,2012,ISLAMABAD,2012.0
47171,2012300705.0,Punjab,Urban,20123007.0,Unknown,3000.0,20123007.0,1676.8623460886236,2012,ISLAMABAD,2012.0
47172,2012300705.0,Punjab,Urban,20123007.0,Unknown,8000.0,20123007.0,1676.8623460886236,2012,ISLAMABAD,2012.0
47173,2012300705.0,Punjab,Urban,20123007.0,medical,3000.0,20123007.0,1676.8623460886236,2012,ISLAMABAD,2012.0
47174,2012300705.0,Punjab,Urban,20123007.0,fuel,36000.0,20123007.0,1676.8623460886236,2012,ISLAMABAD,2012.0
47175,2012300705.0,Punjab,Urban,20123007.0,transport,12000.0,20123007.0,1676.8623460886236,2012,ISLAMABAD,2012.0
47176,2012300705.0,Punjab,Urban,20123007.0,transport,8000.0,20123007.0,1676.8623460886236,2012,ISLAMABAD,2012.0
47177,2012300705.0,Punjab,Urban,20123007.0,telecom,24000.0,20123007.0,1676.8623460886236,2012,ISLAMABAD,2012.0
47178,2012300705.0,Punjab,Urban,20123007.0,govt_school,8000.0,20123007.0,1676.8623460886236,2012,ISLAMABAD,2012.0
47179,2012300705.0,Punjab,Urban,20123007.0,bread_basic,50.0,20123007.0,1676.8623460886236,2012,ISLAMABAD,2012.0
47180,2012300706.0,Punjab,Urban,20123007.0,men_clothing,5000.0,20123007.0,1676.8623460886236,2012,ISLAMABAD,2012.0
47181,2012300706.0,Punjab,Urban,20123007.0,women_clothing,1000.0,20123007.0,1676.8623460886236,2012,ISLAMABAD,2012.0
47182,2012300706.0,Punjab,Urban,20123007.0,fuel,720.0,20123007.0,1676.8623460886236,2012,ISLAMABAD,2012.0
47183,2012300706.0,Punjab,Urban,20123007.0,medical,3000.0,20123007.0,1676.8623460886236,2012,ISLAMABAD,2012.0
47184,2012300706.0,Punjab,Urban,20123007.0,medical,1000.0,20123007.0,1676.8623460886236,2012,ISLAMABAD,2012.0
47185,2012300706.0,Punjab,Urban,20123007.0,fuel,24000.0,20123007.0,1676.8623460886236,2012,ISLAMABAD,2012.0
47186,2012300706.0,Punjab,Urban,20123007.0,transport,12000.0,20123007.0,1676.8623460886236,2012,ISLAMABAD,2012.0
47187,2012300706.0,Punjab,Urban,20123007.0,transport,14000.0,20123007.0,1676.8623460886236,2012,ISLAMABAD,2012.0
47188,2012300706.0,Punjab,Urban,20123007.0,telecom,12000.0,20123007.0,1676.8623460886236,2012,ISLAMABAD,2012.0
47189,2012300707.0,Punjab,Urban,20123007.0,bread_other,80.0,20123007.0,1676.8623460886236,2012,ISLAMABAD,2012.0
47190,2012300707.0,Punjab,Urban,20123007.0,men_clothing,14000.0,20123007.0,1676.8623460886236,2012,ISLAMABAD,2012.0
47191,2012300707.0,Punjab,Urban,20123007.0,Unknown,3000.0,20123007.0,1676.8623460886236,2012,ISLAMABAD,2012.0
47192,2012300707.0,Punjab,Urban,20123007.0,women_clothing,20000.0,20123007.0,1676.8623460886236,2012,ISLAMABAD,2012.0
47193,2012300707.0,Punjab,Urban,20123007.0,Unknown,1000.0,20123007.0,1676.8623460886236,2012,ISLAMABAD,2012.0
47194,2012300707.0,Punjab,Urban,20123007.0,medical,7000.0,20123007.0,1676.8623460886236,2012,ISLAMABAD,2012.0
47195,2012300707.0,Punjab,Urban,20123007.0,medical,1500.0,20123007.0,1676.8623460886236,2012,ISLAMABAD,2012.0
47196,2012300707.0,Punjab,Urban,20123007.0,transport,15000.0,20123007.0,1676.8623460886236,2012,ISLAMABAD,2012.0
47197,2012300707.0,Punjab,Urban,20123007.0,transport,6000.0,20123007.0,1676.8623460886236,2012,ISLAMABAD,2012.0
47198,2012300707.0,Punjab,Urban,20123007.0,telecom,10000.0,20123007.0,1676.8623460886236,2012,ISLAMABAD,2012.0
47199,2012300707.0,Punjab,Urban,20123007.0,internet,5000.0,20123007.0,1676.8623460886236,2012,ISLAMABAD,2012.0
47200,2012300707.0,Punjab,Urban,20123007.0,govt_school,480.0,20123007.0,1676.8623460886236,2012,ISLAMABAD,2012.0
47201,2012300708.0,Punjab,Urban,20123007.0,bread_other,200.0,20123007.0,1676.8623460886236,2012,ISLAMABAD,2012.0
47202,2012300708.0,Punjab,Urban,20123007.0,men_clothing,5000.0,20123007.0,1676.8623460886236,2012,ISLAMABAD,2012.0
47203,2012300708.0,Punjab,Urban,20123007.0,women_clothing,1000.0,20123007.0,1676.8623460886236,2012,ISLAMABAD,2012.0
47204,2012300708.0,Punjab,Urban,20123007.0,fuel,720.0,20123007.0,1676.8623460886236,2012,ISLAMABAD,2012.0
47205,2012300708.0,Punjab,Urban,20123007.0,medical,8000.0,20123007.0,1676.8623460886236,2012,ISLAMABAD,2012.0
47206,2012300708.0,Punjab,Urban,20123007.0,medical,3000.0,20123007.0,1676.8623460886236,2012,ISLAMABAD,2012.0
47207,2012300708.0,Punjab,Urban,20123007.0,fuel,30000.0,20123007.0,1676.8623460886236,2012,ISLAMABAD,2012.0
47208,2012300708.0,Punjab,Urban,20123007.0,transport,6000.0,20123007.0,1676.8623460886236,2012,ISLAMABAD,2012.0
47209,2012300708.0,Punjab,Urban,20123007.0,transport,8000.0,20123007.0,1676.8623460886236,2012,ISLAMABAD,2012.0
47210,2012300708.0,Punjab,Urban,20123007.0,telecom,18000.0,20123007.0,1676.8623460886236,2012,ISLAMABAD,2012.0
47211,2012300708.0,Punjab,Urban,20123007.0,bread_basic,200.0,20123007.0,1676.8623460886236,2012,ISLAMABAD,2012.0
47212,2012300709.0,Punjab,Urban,20123007.0,Unknown,3000.0,20123007.0,1676.8623460886236,2012,ISLAMABAD,2012.0
47213,2012300709.0,Punjab,Urban,20123007.0,women_clothing,2000.0,20123007.0,1676.8623460886236,2012,ISLAMABAD,2012.0
47214,2012300709.0,Punjab,Urban,20123007.0,Unknown,1000.0,20123007.0,1676.8623460886236,2012,ISLAMABAD,2012.0
47215,2012300709.0,Punjab,Urban,20123007.0,fuel,720.0,20123007.0,1676.8623460886236,2012,ISLAMABAD,2012.0
47216,2012300709.0,Punjab,Urban,20123007.0,medical,7000.0,20123007.0,1676.8623460886236,2012,ISLAMABAD,2012.0
47217,2012300709.0,Punjab,Urban,20123007.0,medical,3000.0,20123007.0,1676.8623460886236,2012,ISLAMABAD,2012.0
47218,2012300709.0,Punjab,Urban,20123007.0,transport,12000.0,20123007.0,1676.8623460886236,2012,ISLAMABAD,2012.0
47219,2012300709.0,Punjab,Urban,20123007.0,transport,8000.0,20123007.0,1676.8623460886236,2012,ISLAMABAD,2012.0
47220,2012300709.0,Punjab,Urban,20123007.0,Unknown,15000.0,20123007.0,1676.8623460886236,2012,ISLAMABAD,2012.0
47221,2012300709.0,Punjab,Urban,20123007.0,telecom,13000.0,20123007.0,1676.8623460886236,2012,ISLAMABAD,2012.0
47222,2012300709.0,Punjab,Urban,20123007.0,private_school,12000.0,20123007.0,1676.8623460886236,2012,ISLAMABAD,2012.0
47223,2012300711.0,Punjab,Urban,20123007.0,Unknown,2000.0,20123007.0,1676.8623460886236,2012,ISLAMABAD,2012.0
47224,2012300711.0,Punjab,Urban,20123007.0,women_clothing,2000.0,20123007.0,1676.8623460886236,2012,ISLAMABAD,2012.0
47225,2012300711.0,Punjab,Urban,20123007.0,Unknown,1000.0,20123007.0,1676.8623460886236,2012,ISLAMABAD,2012.0
47226,2012300711.0,Punjab,Urban,20123007.0,fuel,1600.0,20123007.0,1676.8623460886236,2012,ISLAMABAD,2012.0
47227,2012300711.0,Punjab,Urban,20123007.0,medical,4000.0,20123007.0,1676.8623460886236,2012,ISLAMABAD,2012.0
47228,2012300711.0,Punjab,Urban,20123007.0,medical,1000.0,20123007.0,1676.8623460886236,2012,ISLAMABAD,2012.0
47229,2012300711.0,Punjab,Urban,20123007.0,transport,3000.0,20123007.0,1676.8623460886236,2012,ISLAMABAD,2012.0
47230,2012300711.0,Punjab,Urban,20123007.0,telecom,4000.0,20123007.0,1676.8623460886236,2012,ISLAMABAD,2012.0
47231,2012300711.0,Punjab,Urban,20123007.0,govt_school,500.0,20123007.0,1676.8623460886236,2012,ISLAMABAD,2012.0
47232,2012300712.0,Punjab,Urban,20123007.0,bread_other,60.0,20123007.0,1676.8623460886236,2012,ISLAMABAD,2012.0
47233,2012300712.0,Punjab,Urban,20123007.0,men_clothing,35000.0,20123007.0,1676.8623460886236,2012,ISLAMABAD,2012.0
47234,2012300712.0,Punjab,Urban,20123007.0,Unknown,3000.0,20123007.0,1676.8623460886236,2012,ISLAMABAD,2012.0
47235,2012300712.0,Punjab,Urban,20123007.0,women_clothing,3000.0,20123007.0,1676.8623460886236,2012,ISLAMABAD,2012.0
47236,2012300712.0,Punjab,Urban,20123007.0,Unknown,1000.0,20123007.0,1676.8623460886236,2012,ISLAMABAD,2012.0
47237,2012300712.0,Punjab,Urban,20123007.0,medical,30000.0,20123007.0,1676.8623460886236,2012,ISLAMABAD,2012.0
47238,2012300712.0,Punjab,Urban,20123007.0,medical,6000.0,20123007.0,1676.8623460886236,2012,ISLAMABAD,2012.0
47239,2012300712.0,Punjab,Urban,20123007.0,transport,7000.0,20123007.0,1676.8623460886236,2012,ISLAMABAD,2012.0
47240,2012300712.0,Punjab,Urban,20123007.0,transport,10000.0,20123007.0,1676.8623460886236,2012,ISLAMABAD,2012.0
47241,2012300712.0,Punjab,Urban,20123007.0,Unknown,30000.0,20123007.0,1676.8623460886236,2012,ISLAMABAD,2012.0
47242,2012300712.0,Punjab,Urban,20123007.0,telecom,8000.0,20123007.0,1676.8623460886236,2012,ISLAMABAD,2012.0
47243,2012300712.0,Punjab,Urban,20123007.0,private_school,80480.0,20123007.0,1676.8623460886236,2012,ISLAMABAD,2012.0
47244,2012400401.0,Punjab,Urban,20124004.0,men_clothing,1000.0,20124004.0,2597.895313110999,2012,ISLAMABAD,2012.0
47245,2012400401.0,Punjab,Urban,20124004.0,women_clothing,1000.0,20124004.0,2597.895313110999,2012,ISLAMABAD,2012.0
47246,2012400401.0,Punjab,Urban,20124004.0,medical,6000.0,20124004.0,2597.895313110999,2012,ISLAMABAD,2012.0
47247,2012400401.0,Punjab,Urban,20124004.0,Unknown,300.0,20124004.0,2597.895313110999,2012,ISLAMABAD,2012.0
47248,2012400401.0,Punjab,Urban,20124004.0,medical,2000.0,20124004.0,2597.895313110999,2012,ISLAMABAD,2012.0
47249,2012400401.0,Punjab,Urban,20124004.0,transport,13000.0,20124004.0,2597.895313110999,2012,ISLAMABAD,2012.0
47250,2012400401.0,Punjab,Urban,20124004.0,transport,2000.0,20124004.0,2597.895313110999,2012,ISLAMABAD,2012.0
47251,2012400401.0,Punjab,Urban,20124004.0,telecom,6000.0,20124004.0,2597.895313110999,2012,ISLAMABAD,2012.0
47252,2012400402.0,Punjab,Urban,20124004.0,bread_other,180.0,20124004.0,2597.895313110999,2012,ISLAMABAD,2012.0
47253,2012400402.0,Punjab,Urban,20124004.0,men_clothing,10000.0,20124004.0,2597.895313110999,2012,ISLAMABAD,2012.0
47254,2012400402.0,Punjab,Urban,20124004.0,women_clothing,15000.0,20124004.0,2597.895313110999,2012,ISLAMABAD,2012.0
47255,2012400402.0,Punjab,Urban,20124004.0,medical,20000.0,20124004.0,2597.895313110999,2012,ISLAMABAD,2012.0
47256,2012400402.0,Punjab,Urban,20124004.0,medical,6000.0,20124004.0,2597.895313110999,2012,ISLAMABAD,2012.0
47257,2012400402.0,Punjab,Urban,20124004.0,fuel,80000.0,20124004.0,2597.895313110999,2012,ISLAMABAD,2012.0
47258,2012400402.0,Punjab,Urban,20124004.0,fuel,40000.0,20124004.0,2597.895313110999,2012,ISLAMABAD,2012.0
47259,2012400402.0,Punjab,Urban,20124004.0,transport,10000.0,20124004.0,2597.895313110999,2012,ISLAMABAD,2012.0
47260,2012400402.0,Punjab,Urban,20124004.0,transport,15000.0,20124004.0,2597.895313110999,2012,ISLAMABAD,2012.0
47261,2012400402.0,Punjab,Urban,20124004.0,telecom,20000.0,20124004.0,2597.895313110999,2012,ISLAMABAD,2012.0
47262,2012400402.0,Punjab,Urban,20124004.0,internet,10000.0,20124004.0,2597.895313110999,2012,ISLAMABAD,2012.0
47263,2012400402.0,Punjab,Urban,20124004.0,Unknown,5000.0,20124004.0,2597.895313110999,2012,ISLAMABAD,2012.0
47264,2012400403.0,Punjab,Urban,20124004.0,bread_other,300.0,20124004.0,2597.895313110999,2012,ISLAMABAD,2012.0
47265,2012400403.0,Punjab,Urban,20124004.0,men_clothing,18000.0,20124004.0,2597.895313110999,2012,ISLAMABAD,2012.0
47266,2012400403.0,Punjab,Urban,20124004.0,Unknown,5000.0,20124004.0,2597.895313110999,2012,ISLAMABAD,2012.0
47267,2012400403.0,Punjab,Urban,20124004.0,women_clothing,20000.0,20124004.0,2597.895313110999,2012,ISLAMABAD,2012.0
47268,2012400403.0,Punjab,Urban,20124004.0,Unknown,2000.0,20124004.0,2597.895313110999,2012,ISLAMABAD,2012.0
47269,2012400403.0,Punjab,Urban,20124004.0,medical,15000.0,20124004.0,2597.895313110999,2012,ISLAMABAD,2012.0
47270,2012400403.0,Punjab,Urban,20124004.0,medical,5000.0,20124004.0,2597.895313110999,2012,ISLAMABAD,2012.0
47271,2012400403.0,Punjab,Urban,20124004.0,fuel,20000.0,20124004.0,2597.895313110999,2012,ISLAMABAD,2012.0
47272,2012400403.0,Punjab,Urban,20124004.0,transport,10000.0,20124004.0,2597.895313110999,2012,ISLAMABAD,2012.0
47273,2012400403.0,Punjab,Urban,20124004.0,transport,15000.0,20124004.0,2597.895313110999,2012,ISLAMABAD,2012.0
47274,2012400403.0,Punjab,Urban,20124004.0,Unknown,54000.0,20124004.0,2597.895313110999,2012,ISLAMABAD,2012.0
47275,2012400403.0,Punjab,Urban,20124004.0,telecom,30000.0,20124004.0,2597.895313110999,2012,ISLAMABAD,2012.0
47276,2012400403.0,Punjab,Urban,20124004.0,internet,10000.0,20124004.0,2597.895313110999,2012,ISLAMABAD,2012.0
47277,2012400403.0,Punjab,Urban,20124004.0,bread_basic,150.0,20124004.0,2597.895313110999,2012,ISLAMABAD,2012.0
47278,2012400403.0,Punjab,Urban,20124004.0,Unknown,6000.0,20124004.0,2597.895313110999,2012,ISLAMABAD,2012.0
47279,2012400405.0,Punjab,Urban,20124004.0,bread_other,1000.0,20124004.0,2597.895313110999,2012,ISLAMABAD,2012.0
47280,2012400405.0,Punjab,Urban,20124004.0,men_clothing,12000.0,20124004.0,2597.895313110999,2012,ISLAMABAD,2012.0
47281,2012400405.0,Punjab,Urban,20124004.0,medical,12000.0,20124004.0,2597.895313110999,2012,ISLAMABAD,2012.0
47282,2012400405.0,Punjab,Urban,20124004.0,medical,9000.0,20124004.0,2597.895313110999,2012,ISLAMABAD,2012.0
47283,2012400405.0,Punjab,Urban,20124004.0,fuel,70000.0,20124004.0,2597.895313110999,2012,ISLAMABAD,2012.0
47284,2012400405.0,Punjab,Urban,20124004.0,transport,2000.0,20124004.0,2597.895313110999,2012,ISLAMABAD,2012.0
47285,2012400405.0,Punjab,Urban,20124004.0,transport,40000.0,20124004.0,2597.895313110999,2012,ISLAMABAD,2012.0
47286,2012400405.0,Punjab,Urban,20124004.0,telecom,60000.0,20124004.0,2597.895313110999,2012,ISLAMABAD,2012.0
47287,2012400405.0,Punjab,Urban,20124004.0,bread_basic,9000.0,20124004.0,2597.895313110999,2012,ISLAMABAD,2012.0
47288,2012400406.0,Punjab,Urban,20124004.0,bread_other,120.0,20124004.0,2597.895313110999,2012,ISLAMABAD,2012.0
47289,2012400406.0,Punjab,Urban,20124004.0,women_clothing,5000.0,20124004.0,2597.895313110999,2012,ISLAMABAD,2012.0
47290,2012400406.0,Punjab,Urban,20124004.0,fuel,1650.0,20124004.0,2597.895313110999,2012,ISLAMABAD,2012.0
47291,2012400406.0,Punjab,Urban,20124004.0,medical,2000.0,20124004.0,2597.895313110999,2012,ISLAMABAD,2012.0
47292,2012400406.0,Punjab,Urban,20124004.0,medical,1000.0,20124004.0,2597.895313110999,2012,ISLAMABAD,2012.0
47293,2012400406.0,Punjab,Urban,20124004.0,transport,40000.0,20124004.0,2597.895313110999,2012,ISLAMABAD,2012.0
47294,2012400406.0,Punjab,Urban,20124004.0,transport,20000.0,20124004.0,2597.895313110999,2012,ISLAMABAD,2012.0
47295,2012400406.0,Punjab,Urban,20124004.0,telecom,13000.0,20124004.0,2597.895313110999,2012,ISLAMABAD,2012.0
47296,2012400406.0,Punjab,Urban,20124004.0,internet,24000.0,20124004.0,2597.895313110999,2012,ISLAMABAD,2012.0
47297,2012400407.0,Punjab,Urban,20124004.0,bread_other,100.0,20124004.0,2597.895313110999,2012,ISLAMABAD,2012.0
47298,2012400407.0,Punjab,Urban,20124004.0,men_clothing,8000.0,20124004.0,2597.895313110999,2012,ISLAMABAD,2012.0
47299,2012400407.0,Punjab,Urban,20124004.0,Unknown,3000.0,20124004.0,2597.895313110999,2012,ISLAMABAD,2012.0
47300,2012400407.0,Punjab,Urban,20124004.0,women_clothing,10000.0,20124004.0,2597.895313110999,2012,ISLAMABAD,2012.0
47301,2012400407.0,Punjab,Urban,20124004.0,Unknown,1000.0,20124004.0,2597.895313110999,2012,ISLAMABAD,2012.0
47302,2012400407.0,Punjab,Urban,20124004.0,rent,42000.0,20124004.0,2597.895313110999,2012,ISLAMABAD,2012.0
47303,2012400407.0,Punjab,Urban,20124004.0,fuel,40000.0,20124004.0,2597.895313110999,2012,ISLAMABAD,2012.0
47304,2012400407.0,Punjab,Urban,20124004.0,transport,10000.0,20124004.0,2597.895313110999,2012,ISLAMABAD,2012.0
47305,2012400407.0,Punjab,Urban,20124004.0,transport,12000.0,20124004.0,2597.895313110999,2012,ISLAMABAD,2012.0
47306,2012400407.0,Punjab,Urban,20124004.0,Unknown,24000.0,20124004.0,2597.895313110999,2012,ISLAMABAD,2012.0
47307,2012400407.0,Punjab,Urban,20124004.0,telecom,18000.0,20124004.0,2597.895313110999,2012,ISLAMABAD,2012.0
47308,2012400407.0,Punjab,Urban,20124004.0,govt_school,480.0,20124004.0,2597.895313110999,2012,ISLAMABAD,2012.0
47309,2012400407.0,Punjab,Urban,20124004.0,Unknown,4000.0,20124004.0,2597.895313110999,2012,ISLAMABAD,2012.0
47310,2012400410.0,Punjab,Urban,20124004.0,men_clothing,2000.0,20124004.0,2597.895313110999,2012,ISLAMABAD,2012.0
47311,2012400410.0,Punjab,Urban,20124004.0,fuel,1000.0,20124004.0,2597.895313110999,2012,ISLAMABAD,2012.0
47312,2012400410.0,Punjab,Urban,20124004.0,medical,2000.0,20124004.0,2597.895313110999,2012,ISLAMABAD,2012.0
47313,2012400410.0,Punjab,Urban,20124004.0,medical,300.0,20124004.0,2597.895313110999,2012,ISLAMABAD,2012.0
47314,2012400410.0,Punjab,Urban,20124004.0,transport,3000.0,20124004.0,2597.895313110999,2012,ISLAMABAD,2012.0
47315,2012400410.0,Punjab,Urban,20124004.0,transport,6000.0,20124004.0,2597.895313110999,2012,ISLAMABAD,2012.0
47316,2012400410.0,Punjab,Urban,20124004.0,telecom,7000.0,20124004.0,2597.895313110999,2012,ISLAMABAD,2012.0
47317,2012400410.0,Punjab,Urban,20124004.0,bread_basic,200.0,20124004.0,2597.895313110999,2012,ISLAMABAD,2012.0
47318,2012400410.0,Punjab,Urban,20124004.0,bread_basic,500.0,20124004.0,2597.895313110999,2012,ISLAMABAD,2012.0
47319,2012400411.0,Punjab,Urban,20124004.0,bread_other,500.0,20124004.0,2597.895313110999,2012,ISLAMABAD,2012.0
47320,2012400411.0,Punjab,Urban,20124004.0,men_clothing,6000.0,20124004.0,2597.895313110999,2012,ISLAMABAD,2012.0
47321,2012400411.0,Punjab,Urban,20124004.0,women_clothing,14000.0,20124004.0,2597.895313110999,2012,ISLAMABAD,2012.0
47322,2012400411.0,Punjab,Urban,20124004.0,servant_parttime,36000.0,20124004.0,2597.895313110999,2012,ISLAMABAD,2012.0
47323,2012400411.0,Punjab,Urban,20124004.0,medical,2000.0,20124004.0,2597.895313110999,2012,ISLAMABAD,2012.0
47324,2012400411.0,Punjab,Urban,20124004.0,medical,1000.0,20124004.0,2597.895313110999,2012,ISLAMABAD,2012.0
47325,2012400411.0,Punjab,Urban,20124004.0,transport,2000.0,20124004.0,2597.895313110999,2012,ISLAMABAD,2012.0
47326,2012400411.0,Punjab,Urban,20124004.0,telecom,60000.0,20124004.0,2597.895313110999,2012,ISLAMABAD,2012.0
47327,2012400411.0,Punjab,Urban,20124004.0,internet,36000.0,20124004.0,2597.895313110999,2012,ISLAMABAD,2012.0
47328,2012400411.0,Punjab,Urban,20124004.0,bread_basic,100.0,20124004.0,2597.895313110999,2012,ISLAMABAD,2012.0
47329,2012400411.0,Punjab,Urban,20124004.0,bread_basic,120.0,20124004.0,2597.895313110999,2012,ISLAMABAD,2012.0
47330,2012400412.0,Punjab,Urban,20124004.0,bread_other,400.0,20124004.0,2597.895313110999,2012,ISLAMABAD,2012.0
47331,2012400412.0,Punjab,Urban,20124004.0,men_clothing,10000.0,20124004.0,2597.895313110999,2012,ISLAMABAD,2012.0
47332,2012400412.0,Punjab,Urban,20124004.0,Unknown,3000.0,20124004.0,2597.895313110999,2012,ISLAMABAD,2012.0
47333,2012400412.0,Punjab,Urban,20124004.0,women_clothing,14000.0,20124004.0,2597.895313110999,2012,ISLAMABAD,2012.0
47334,2012400412.0,Punjab,Urban,20124004.0,Unknown,1000.0,20124004.0,2597.895313110999,2012,ISLAMABAD,2012.0
47335,2012400412.0,Punjab,Urban,20124004.0,medical,30000.0,20124004.0,2597.895313110999,2012,ISLAMABAD,2012.0
47336,2012400412.0,Punjab,Urban,20124004.0,medical,6000.0,20124004.0,2597.895313110999,2012,ISLAMABAD,2012.0
47337,2012400412.0,Punjab,Urban,20124004.0,fuel,80000.0,20124004.0,2597.895313110999,2012,ISLAMABAD,2012.0
47338,2012400412.0,Punjab,Urban,20124004.0,fuel,30000.0,20124004.0,2597.895313110999,2012,ISLAMABAD,2012.0
47339,2012400412.0,Punjab,Urban,20124004.0,transport,10000.0,20124004.0,2597.895313110999,2012,ISLAMABAD,2012.0
47340,2012400412.0,Punjab,Urban,20124004.0,transport,30000.0,20124004.0,2597.895313110999,2012,ISLAMABAD,2012.0
47341,2012400412.0,Punjab,Urban,20124004.0,telecom,25000.0,20124004.0,2597.895313110999,2012,ISLAMABAD,2012.0
47342,2012400412.0,Punjab,Urban,20124004.0,internet,8000.0,20124004.0,2597.895313110999,2012,ISLAMABAD,2012.0
47343,2012400412.0,Punjab,Urban,20124004.0,Unknown,6000.0,20124004.0,2597.895313110999,2012,ISLAMABAD,2012.0
47344,2012400801.0,Punjab,Urban,20124008.0,bread_other,120.0,20124008.0,2343.520142949967,2012,ISLAMABAD,2012.0
47345,2012400801.0,Punjab,Urban,20124008.0,men_clothing,4000.0,20124008.0,2343.520142949967,2012,ISLAMABAD,2012.0
47346,2012400801.0,Punjab,Urban,20124008.0,women_clothing,4000.0,20124008.0,2343.520142949967,2012,ISLAMABAD,2012.0
47347,2012400801.0,Punjab,Urban,20124008.0,servant_fulltime,15000.0,20124008.0,2343.520142949967,2012,ISLAMABAD,2012.0
47348,2012400801.0,Punjab,Urban,20124008.0,medical,6000.0,20124008.0,2343.520142949967,2012,ISLAMABAD,2012.0
47349,2012400801.0,Punjab,Urban,20124008.0,medical,2000.0,20124008.0,2343.520142949967,2012,ISLAMABAD,2012.0
47350,2012400801.0,Punjab,Urban,20124008.0,fuel,80000.0,20124008.0,2343.520142949967,2012,ISLAMABAD,2012.0
47351,2012400801.0,Punjab,Urban,20124008.0,transport,2000.0,20124008.0,2343.520142949967,2012,ISLAMABAD,2012.0
47352,2012400801.0,Punjab,Urban,20124008.0,telecom,18000.0,20124008.0,2343.520142949967,2012,ISLAMABAD,2012.0
47353,2012400801.0,Punjab,Urban,20124008.0,internet,37200.0,20124008.0,2343.520142949967,2012,ISLAMABAD,2012.0
47354,2012400803.0,Punjab,Urban,20124008.0,bread_other,300.0,20124008.0,2343.520142949967,2012,ISLAMABAD,2012.0
47355,2012400803.0,Punjab,Urban,20124008.0,men_clothing,5000.0,20124008.0,2343.520142949967,2012,ISLAMABAD,2012.0
47356,2012400803.0,Punjab,Urban,20124008.0,women_clothing,6000.0,20124008.0,2343.520142949967,2012,ISLAMABAD,2012.0
47357,2012400803.0,Punjab,Urban,20124008.0,telecom,13000.0,20124008.0,2343.520142949967,2012,ISLAMABAD,2012.0
47358,2012400803.0,Punjab,Urban,20124008.0,bread_basic,200.0,20124008.0,2343.520142949967,2012,ISLAMABAD,2012.0
47359,2012400804.0,Punjab,Urban,20124008.0,bread_other,180.0,20124008.0,2343.520142949967,2012,ISLAMABAD,2012.0
47360,2012400804.0,Punjab,Urban,20124008.0,men_clothing,5000.0,20124008.0,2343.520142949967,2012,ISLAMABAD,2012.0
47361,2012400804.0,Punjab,Urban,20124008.0,women_clothing,3000.0,20124008.0,2343.520142949967,2012,ISLAMABAD,2012.0
47362,2012400804.0,Punjab,Urban,20124008.0,servant_fulltime,36000.0,20124008.0,2343.520142949967,2012,ISLAMABAD,2012.0
47363,2012400804.0,Punjab,Urban,20124008.0,servant_parttime,84000.0,20124008.0,2343.520142949967,2012,ISLAMABAD,2012.0
47364,2012400804.0,Punjab,Urban,20124008.0,medical,1000.0,20124008.0,2343.520142949967,2012,ISLAMABAD,2012.0
47365,2012400804.0,Punjab,Urban,20124008.0,medical,1000.0,20124008.0,2343.520142949967,2012,ISLAMABAD,2012.0
47366,2012400804.0,Punjab,Urban,20124008.0,fuel,40000.0,20124008.0,2343.520142949967,2012,ISLAMABAD,2012.0
47367,2012400804.0,Punjab,Urban,20124008.0,telecom,24000.0,20124008.0,2343.520142949967,2012,ISLAMABAD,2012.0
47368,2012400806.0,Punjab,Urban,20124008.0,bread_other,400.0,20124008.0,2343.520142949967,2012,ISLAMABAD,2012.0
47369,2012400806.0,Punjab,Urban,20124008.0,men_clothing,18000.0,20124008.0,2343.520142949967,2012,ISLAMABAD,2012.0
47370,2012400806.0,Punjab,Urban,20124008.0,Unknown,15000.0,20124008.0,2343.520142949967,2012,ISLAMABAD,2012.0
47371,2012400806.0,Punjab,Urban,20124008.0,women_clothing,20000.0,20124008.0,2343.520142949967,2012,ISLAMABAD,2012.0
47372,2012400806.0,Punjab,Urban,20124008.0,Unknown,12000.0,20124008.0,2343.520142949967,2012,ISLAMABAD,2012.0
47373,2012400806.0,Punjab,Urban,20124008.0,Unknown,5000.0,20124008.0,2343.520142949967,2012,ISLAMABAD,2012.0
47374,2012400806.0,Punjab,Urban,20124008.0,servant_parttime,24000.0,20124008.0,2343.520142949967,2012,ISLAMABAD,2012.0
47375,2012400806.0,Punjab,Urban,20124008.0,medical,40000.0,20124008.0,2343.520142949967,2012,ISLAMABAD,2012.0
47376,2012400806.0,Punjab,Urban,20124008.0,medical,10000.0,20124008.0,2343.520142949967,2012,ISLAMABAD,2012.0
47377,2012400806.0,Punjab,Urban,20124008.0,fuel,60000.0,20124008.0,2343.520142949967,2012,ISLAMABAD,2012.0
47378,2012400806.0,Punjab,Urban,20124008.0,fuel,40000.0,20124008.0,2343.520142949967,2012,ISLAMABAD,2012.0
47379,2012400806.0,Punjab,Urban,20124008.0,transport,15000.0,20124008.0,2343.520142949967,2012,ISLAMABAD,2012.0
47380,2012400806.0,Punjab,Urban,20124008.0,transport,25000.0,20124008.0,2343.520142949967,2012,ISLAMABAD,2012.0
47381,2012400806.0,Punjab,Urban,20124008.0,Unknown,20000.0,20124008.0,2343.520142949967,2012,ISLAMABAD,2012.0
47382,2012400806.0,Punjab,Urban,20124008.0,telecom,20000.0,20124008.0,2343.520142949967,2012,ISLAMABAD,2012.0
47383,2012400806.0,Punjab,Urban,20124008.0,internet,10000.0,20124008.0,2343.520142949967,2012,ISLAMABAD,2012.0
47384,2012400806.0,Punjab,Urban,20124008.0,Unknown,5000.0,20124008.0,2343.520142949967,2012,ISLAMABAD,2012.0
47385,2012400807.0,Punjab,Urban,20124008.0,bread_other,400.0,20124008.0,2343.520142949967,2012,ISLAMABAD,2012.0
47386,2012400807.0,Punjab,Urban,20124008.0,men_clothing,2500.0,20124008.0,2343.520142949967,2012,ISLAMABAD,2012.0
47387,2012400807.0,Punjab,Urban,20124008.0,women_clothing,3000.0,20124008.0,2343.520142949967,2012,ISLAMABAD,2012.0
47388,2012400807.0,Punjab,Urban,20124008.0,servant_fulltime,60000.0,20124008.0,2343.520142949967,2012,ISLAMABAD,2012.0
47389,2012400807.0,Punjab,Urban,20124008.0,medical,5000.0,20124008.0,2343.520142949967,2012,ISLAMABAD,2012.0
47390,2012400807.0,Punjab,Urban,20124008.0,medical,3000.0,20124008.0,2343.520142949967,2012,ISLAMABAD,2012.0
47391,2012400807.0,Punjab,Urban,20124008.0,transport,500.0,20124008.0,2343.520142949967,2012,ISLAMABAD,2012.0
47392,2012400807.0,Punjab,Urban,20124008.0,telecom,16000.0,20124008.0,2343.520142949967,2012,ISLAMABAD,2012.0
47393,2012400807.0,Punjab,Urban,20124008.0,internet,24000.0,20124008.0,2343.520142949967,2012,ISLAMABAD,2012.0
47394,2012400807.0,Punjab,Urban,20124008.0,bread_basic,300.0,20124008.0,2343.520142949967,2012,ISLAMABAD,2012.0
47395,2012400808.0,Punjab,Urban,20124008.0,bread_other,320.0,20124008.0,2343.520142949967,2012,ISLAMABAD,2012.0
47396,2012400808.0,Punjab,Urban,20124008.0,men_clothing,15000.0,20124008.0,2343.520142949967,2012,ISLAMABAD,2012.0
47397,2012400808.0,Punjab,Urban,20124008.0,women_clothing,15000.0,20124008.0,2343.520142949967,2012,ISLAMABAD,2012.0
47398,2012400808.0,Punjab,Urban,20124008.0,medical,15000.0,20124008.0,2343.520142949967,2012,ISLAMABAD,2012.0
47399,2012400808.0,Punjab,Urban,20124008.0,medical,6000.0,20124008.0,2343.520142949967,2012,ISLAMABAD,2012.0
47400,2012400808.0,Punjab,Urban,20124008.0,fuel,40000.0,20124008.0,2343.520142949967,2012,ISLAMABAD,2012.0
47401,2012400808.0,Punjab,Urban,20124008.0,fuel,20000.0,20124008.0,2343.520142949967,2012,ISLAMABAD,2012.0
47402,2012400808.0,Punjab,Urban,20124008.0,transport,8000.0,20124008.0,2343.520142949967,2012,ISLAMABAD,2012.0
47403,2012400808.0,Punjab,Urban,20124008.0,transport,10000.0,20124008.0,2343.520142949967,2012,ISLAMABAD,2012.0
47404,2012400808.0,Punjab,Urban,20124008.0,telecom,18000.0,20124008.0,2343.520142949967,2012,ISLAMABAD,2012.0
47405,2012400808.0,Punjab,Urban,20124008.0,internet,8000.0,20124008.0,2343.520142949967,2012,ISLAMABAD,2012.0
47406,2012400808.0,Punjab,Urban,20124008.0,Unknown,6000.0,20124008.0,2343.520142949967,2012,ISLAMABAD,2012.0
47407,2012400809.0,Punjab,Urban,20124008.0,bread_other,160.0,20124008.0,2343.520142949967,2012,ISLAMABAD,2012.0
47408,2012400809.0,Punjab,Urban,20124008.0,men_clothing,30000.0,20124008.0,2343.520142949967,2012,ISLAMABAD,2012.0
47409,2012400809.0,Punjab,Urban,20124008.0,Unknown,10000.0,20124008.0,2343.520142949967,2012,ISLAMABAD,2012.0
47410,2012400809.0,Punjab,Urban,20124008.0,women_clothing,12000.0,20124008.0,2343.520142949967,2012,ISLAMABAD,2012.0
47411,2012400809.0,Punjab,Urban,20124008.0,Unknown,4000.0,20124008.0,2343.520142949967,2012,ISLAMABAD,2012.0
47412,2012400809.0,Punjab,Urban,20124008.0,medical,7500.0,20124008.0,2343.520142949967,2012,ISLAMABAD,2012.0
47413,2012400809.0,Punjab,Urban,20124008.0,medical,5000.0,20124008.0,2343.520142949967,2012,ISLAMABAD,2012.0
47414,2012400809.0,Punjab,Urban,20124008.0,fuel,70000.0,20124008.0,2343.520142949967,2012,ISLAMABAD,2012.0
47415,2012400809.0,Punjab,Urban,20124008.0,fuel,30000.0,20124008.0,2343.520142949967,2012,ISLAMABAD,2012.0
47416,2012400809.0,Punjab,Urban,20124008.0,transport,5000.0,20124008.0,2343.520142949967,2012,ISLAMABAD,2012.0
47417,2012400809.0,Punjab,Urban,20124008.0,transport,9000.0,20124008.0,2343.520142949967,2012,ISLAMABAD,2012.0
47418,2012400809.0,Punjab,Urban,20124008.0,telecom,15000.0,20124008.0,2343.520142949967,2012,ISLAMABAD,2012.0
47419,2012400809.0,Punjab,Urban,20124008.0,Unknown,5000.0,20124008.0,2343.520142949967,2012,ISLAMABAD,2012.0
47420,2012400810.0,Punjab,Urban,20124008.0,men_clothing,12000.0,20124008.0,2343.520142949967,2012,ISLAMABAD,2012.0
47421,2012400810.0,Punjab,Urban,20124008.0,Unknown,4000.0,20124008.0,2343.520142949967,2012,ISLAMABAD,2012.0
47422,2012400810.0,Punjab,Urban,20124008.0,women_clothing,15000.0,20124008.0,2343.520142949967,2012,ISLAMABAD,2012.0
47423,2012400810.0,Punjab,Urban,20124008.0,Unknown,1600.0,20124008.0,2343.520142949967,2012,ISLAMABAD,2012.0
47424,2012400810.0,Punjab,Urban,20124008.0,medical,80000.0,20124008.0,2343.520142949967,2012,ISLAMABAD,2012.0
47425,2012400810.0,Punjab,Urban,20124008.0,fuel,60000.0,20124008.0,2343.520142949967,2012,ISLAMABAD,2012.0
47426,2012400810.0,Punjab,Urban,20124008.0,transport,10000.0,20124008.0,2343.520142949967,2012,ISLAMABAD,2012.0
47427,2012400810.0,Punjab,Urban,20124008.0,transport,8000.0,20124008.0,2343.520142949967,2012,ISLAMABAD,2012.0
47428,2012400810.0,Punjab,Urban,20124008.0,telecom,14000.0,20124008.0,2343.520142949967,2012,ISLAMABAD,2012.0
47429,2012400810.0,Punjab,Urban,20124008.0,internet,7000.0,20124008.0,2343.520142949967,2012,ISLAMABAD,2012.0
47430,2012400810.0,Punjab,Urban,20124008.0,govt_school,480.0,20124008.0,2343.520142949967,2012,ISLAMABAD,2012.0
47431,2012400810.0,Punjab,Urban,20124008.0,private_school,25000.0,20124008.0,2343.520142949967,2012,ISLAMABAD,2012.0
47432,2012400810.0,Punjab,Urban,20124008.0,Unknown,2000.0,20124008.0,2343.520142949967,2012,ISLAMABAD,2012.0
47433,2012400811.0,Punjab,Urban,20124008.0,bread_other,400.0,20124008.0,2343.520142949967,2012,ISLAMABAD,2012.0
47434,2012400811.0,Punjab,Urban,20124008.0,men_clothing,2000.0,20124008.0,2343.520142949967,2012,ISLAMABAD,2012.0
47435,2012400811.0,Punjab,Urban,20124008.0,women_clothing,3000.0,20124008.0,2343.520142949967,2012,ISLAMABAD,2012.0
47436,2012400811.0,Punjab,Urban,20124008.0,medical,5200.0,20124008.0,2343.520142949967,2012,ISLAMABAD,2012.0
47437,2012400811.0,Punjab,Urban,20124008.0,fuel,24000.0,20124008.0,2343.520142949967,2012,ISLAMABAD,2012.0
47438,2012400811.0,Punjab,Urban,20124008.0,transport,1000.0,20124008.0,2343.520142949967,2012,ISLAMABAD,2012.0
47439,2012400811.0,Punjab,Urban,20124008.0,telecom,18000.0,20124008.0,2343.520142949967,2012,ISLAMABAD,2012.0
47440,2012400811.0,Punjab,Urban,20124008.0,internet,24000.0,20124008.0,2343.520142949967,2012,ISLAMABAD,2012.0
